Part_Number,OD(mm),ID(mm),Ht(mm),AL_Value(nH/T^2),N,L(uH),Vol(mm^3)
T50B-75-200,12.7,7.7,6.35,43.5,27,3.171e-05,508.7023904325272
T50B-75-200,12.7,7.7,6.35,43.5,28,3.410e-05,508.7023904325272
T50B-75-200,12.7,7.7,6.35,43.5,29,3.658e-05,508.7023904325272
T68A-75-200,17.5,9.4,6.35,58.0,23,3.068e-05,1086.6780769739544
T68A-75-200,17.5,9.4,6.35,58.0,24,3.341e-05,1086.6780769739544
T68A-75-200,17.5,9.4,6.35,58.0,25,3.625e-05,1086.6780769739544
T68A-75-200,17.5,9.4,6.35,58.0,26,3.921e-05,1086.6780769739544
T68A-75-200,17.5,9.4,6.35,58.0,27,4.228e-05,1086.6780769739544
T68A-75-200,17.5,9.4,6.35,58.0,28,4.547e-05,1086.6780769739544
T68A-75-200,17.5,9.4,6.35,58.0,29,4.878e-05,1086.6780769739544
T68A-75-200,17.5,9.4,6.35,58.0,30,5.220e-05,1086.6780769739544
T68A-75-200,17.5,9.4,6.35,58.0,31,5.574e-05,1086.6780769739544
T68A-75-200,17.5,9.4,6.35,58.0,32,5.939e-05,1086.6780769739544
T68A-75-200,17.5,9.4,6.35,58.0,33,6.316e-05,1086.6780769739544
T68A-75-200,17.5,9.4,6.35,58.0,34,6.705e-05,1086.6780769739544
T68A-75-200,17.5,9.4,6.35,58.0,35,7.105e-05,1086.6780769739544
T68A-75-200,17.5,9.4,6.35,58.0,36,7.517e-05,1086.6780769739544
T68A-75-200,17.5,9.4,6.35,58.0,37,7.940e-05,1086.6780769739544
T68A-75-200,17.5,9.4,6.35,58.0,38,8.375e-05,1086.6780769739544
T68A-75-200,17.5,9.4,6.35,58.0,39,8.822e-05,1086.6780769739544
T68A-75-200,17.5,9.4,6.35,58.0,40,9.280e-05,1086.6780769739544
T68A-75-200,17.5,9.4,6.35,58.0,41,9.750e-05,1086.6780769739544
T68A-75-200,17.5,9.4,6.35,58.0,42,1.023e-04,1086.6780769739544
T68A-75-200,17.5,9.4,6.35,58.0,43,1.072e-04,1086.6780769739544
T68A-75-200,17.5,9.4,6.35,58.0,44,1.123e-04,1086.6780769739544
T130-75-219,33.0,19.8,11.1,81.0,20,3.240e-05,6076.041253972489
T130-75-220,33.0,19.8,11.1,81.0,21,3.572e-05,6076.041253972489
T130-75-221,33.0,19.8,11.1,81.0,22,3.920e-05,6076.041253972489
T130-75-222,33.0,19.8,11.1,81.0,23,4.285e-05,6076.041253972489
T130-75-223,33.0,19.8,11.1,81.0,24,4.666e-05,6076.041253972489
T130-75-224,33.0,19.8,11.1,81.0,25,5.062e-05,6076.041253972489
T130-75-225,33.0,19.8,11.1,81.0,26,5.476e-05,6076.041253972489
T130-75-226,33.0,19.8,11.1,81.0,27,5.905e-05,6076.041253972489
T130-75-227,33.0,19.8,11.1,81.0,28,6.350e-05,6076.041253972489
T130-75-228,33.0,19.8,11.1,81.0,29,6.812e-05,6076.041253972489
T130-75-229,33.0,19.8,11.1,81.0,30,7.290e-05,6076.041253972489
T130-75-230,33.0,19.8,11.1,81.0,31,7.784e-05,6076.041253972489
T130-75-231,33.0,19.8,11.1,81.0,32,8.294e-05,6076.041253972489
T130-75-232,33.0,19.8,11.1,81.0,33,8.821e-05,6076.041253972489
T130-75-233,33.0,19.8,11.1,81.0,34,9.364e-05,6076.041253972489
T130-75-234,33.0,19.8,11.1,81.0,35,9.922e-05,6076.041253972489
T130-75-235,33.0,19.8,11.1,81.0,36,1.050e-04,6076.041253972489
T130-75-236,33.0,19.8,11.1,81.0,37,1.109e-04,6076.041253972489
T130-75-237,33.0,19.8,11.1,81.0,38,1.170e-04,6076.041253972489
T130-75-238,33.0,19.8,11.1,81.0,39,1.232e-04,6076.041253972489
T130-75-239,33.0,19.8,11.1,81.0,40,1.296e-04,6076.041253972489
T130-75-240,33.0,19.8,11.1,81.0,41,1.362e-04,6076.041253972489
T130-75-241,33.0,19.8,11.1,81.0,42,1.429e-04,6076.041253972489
T130-75-242,33.0,19.8,11.1,81.0,43,1.498e-04,6076.041253972489
T130-75-243,33.0,19.8,11.1,81.0,44,1.568e-04,6076.041253972489
T130-75-244,33.0,19.8,11.1,81.0,45,1.640e-04,6076.041253972489
T130-75-245,33.0,19.8,11.1,81.0,46,1.714e-04,6076.041253972489
T130-75-246,33.0,19.8,11.1,81.0,47,1.789e-04,6076.041253972489
T130-75-247,33.0,19.8,11.1,81.0,48,1.866e-04,6076.041253972489
T130-75-248,33.0,19.8,11.1,81.0,49,1.945e-04,6076.041253972489
T130-75-249,33.0,19.8,11.1,81.0,50,2.025e-04,6076.041253972489
T130-75-250,33.0,19.8,11.1,81.0,51,2.107e-04,6076.041253972489
T130-75-251,33.0,19.8,11.1,81.0,52,2.190e-04,6076.041253972489
T130-75-252,33.0,19.8,11.1,81.0,53,2.275e-04,6076.041253972489
T130-75-253,33.0,19.8,11.1,81.0,54,2.362e-04,6076.041253972489
T130-75-254,33.0,19.8,11.1,81.0,55,2.450e-04,6076.041253972489
T130-75-255,33.0,19.8,11.1,81.0,56,2.540e-04,6076.041253972489
T130-75-256,33.0,19.8,11.1,81.0,57,2.632e-04,6076.041253972489
T130-75-257,33.0,19.8,11.1,81.0,58,2.725e-04,6076.041253972489
T130-75-258,33.0,19.8,11.1,81.0,59,2.820e-04,6076.041253972489
T130-75-259,33.0,19.8,11.1,81.0,60,2.916e-04,6076.041253972489
T130-75-260,33.0,19.8,11.1,81.0,61,3.014e-04,6076.041253972489
T130-75-261,33.0,19.8,11.1,81.0,62,3.114e-04,6076.041253972489
T130-75-262,33.0,19.8,11.1,81.0,63,3.215e-04,6076.041253972489
T130-75-263,33.0,19.8,11.1,81.0,64,3.318e-04,6076.041253972489
T130-75-264,33.0,19.8,11.1,81.0,65,3.422e-04,6076.041253972489
T130-75-265,33.0,19.8,11.1,81.0,66,3.528e-04,6076.041253972489
T130-75-266,33.0,19.8,11.1,81.0,67,3.636e-04,6076.041253972489
T130-75-267,33.0,19.8,11.1,81.0,68,3.745e-04,6076.041253972489
T130-75-268,33.0,19.8,11.1,81.0,69,3.856e-04,6076.041253972489
T130-75-269,33.0,19.8,11.1,81.0,70,3.969e-04,6076.041253972489
T130-75-270,33.0,19.8,11.1,81.0,71,4.083e-04,6076.041253972489
T130-75-271,33.0,19.8,11.1,81.0,72,4.199e-04,6076.041253972489
T130-75-272,33.0,19.8,11.1,81.0,73,4.316e-04,6076.041253972489
T130-75-273,33.0,19.8,11.1,81.0,74,4.436e-04,6076.041253972489
T130-75-274,33.0,19.8,11.1,81.0,75,4.556e-04,6076.041253972489
T130-75-275,33.0,19.8,11.1,81.0,76,4.679e-04,6076.041253972489
T130-75-276,33.0,19.8,11.1,81.0,77,4.802e-04,6076.041253972489
T130-75-277,33.0,19.8,11.1,81.0,78,4.928e-04,6076.041253972489
T130-75-278,33.0,19.8,11.1,81.0,79,5.055e-04,6076.041253972489
T130-75-279,33.0,19.8,11.1,81.0,80,5.184e-04,6076.041253972489
T130-75-280,33.0,19.8,11.1,81.0,81,5.314e-04,6076.041253972489
T130-75-281,33.0,19.8,11.1,81.0,82,5.446e-04,6076.041253972489
T130-75-282,33.0,19.8,11.1,81.0,83,5.580e-04,6076.041253972489
T130-75-283,33.0,19.8,11.1,81.0,84,5.715e-04,6076.041253972489
T130-75-284,33.0,19.8,11.1,81.0,85,5.852e-04,6076.041253972489
T130-75-285,33.0,19.8,11.1,81.0,86,5.991e-04,6076.041253972489
T130-75-286,33.0,19.8,11.1,81.0,87,6.131e-04,6076.041253972489
T130-75-287,33.0,19.8,11.1,81.0,88,6.273e-04,6076.041253972489
T130-75-288,33.0,19.8,11.1,81.0,89,6.416e-04,6076.041253972489
T130-75-289,33.0,19.8,11.1,81.0,90,6.561e-04,6076.041253972489
T130-75-290,33.0,19.8,11.1,81.0,91,6.708e-04,6076.041253972489
T130-75-291,33.0,19.8,11.1,81.0,92,6.856e-04,6076.041253972489
T130-75-292,33.0,19.8,11.1,81.0,93,7.006e-04,6076.041253972489
T130-75-293,33.0,19.8,11.1,81.0,94,7.157e-04,6076.041253972489
T130-75-294,33.0,19.8,11.1,81.0,95,7.310e-04,6076.041253972489
T130-75-295,33.0,19.8,11.1,81.0,96,7.465e-04,6076.041253972489
T130-75-296,33.0,19.8,11.1,81.0,97,7.621e-04,6076.041253972489
T130-75-297,33.0,19.8,11.1,81.0,98,7.779e-04,6076.041253972489
T130-75-298,33.0,19.8,11.1,81.0,99,7.939e-04,6076.041253972489
T130-75-299,33.0,19.8,11.1,81.0,100,8.100e-04,6076.041253972489
T130-75-300,33.0,19.8,11.1,81.0,101,8.263e-04,6076.041253972489
T130-75-301,33.0,19.8,11.1,81.0,102,8.427e-04,6076.041253972489
T130-75-302,33.0,19.8,11.1,81.0,103,8.593e-04,6076.041253972489
T130-75-303,33.0,19.8,11.1,81.0,104,8.761e-04,6076.041253972489
T130-75-304,33.0,19.8,11.1,81.0,105,8.930e-04,6076.041253972489
T130-75-305,33.0,19.8,11.1,81.0,106,9.101e-04,6076.041253972489
T130-75-306,33.0,19.8,11.1,81.0,107,9.274e-04,6076.041253972489
T130-75-307,33.0,19.8,11.1,81.0,108,9.448e-04,6076.041253972489
T130-75-308,33.0,19.8,11.1,81.0,109,9.624e-04,6076.041253972489
T130-75-309,33.0,19.8,11.1,81.0,110,9.801e-04,6076.041253972489
T130-75-310,33.0,19.8,11.1,81.0,111,9.980e-04,6076.041253972489
T130-75-311,33.0,19.8,11.1,81.0,112,1.016e-03,6076.041253972489
T130-75-312,33.0,19.8,11.1,81.0,113,1.034e-03,6076.041253972489
T130-75-313,33.0,19.8,11.1,81.0,114,1.053e-03,6076.041253972489
T130-75-314,33.0,19.8,11.1,81.0,115,1.071e-03,6076.041253972489
T130-75-315,33.0,19.8,11.1,81.0,116,1.090e-03,6076.041253972489
T130-75-316,33.0,19.8,11.1,81.0,117,1.109e-03,6076.041253972489
T130-75-317,33.0,19.8,11.1,81.0,118,1.128e-03,6076.041253972489
T130-75-318,33.0,19.8,11.1,81.0,119,1.147e-03,6076.041253972489
T130-75-319,33.0,19.8,11.1,81.0,120,1.166e-03,6076.041253972489
T130-75-320,33.0,19.8,11.1,81.0,121,1.186e-03,6076.041253972489
T130-75-321,33.0,19.8,11.1,81.0,122,1.206e-03,6076.041253972489
T130-75-322,33.0,19.8,11.1,81.0,123,1.225e-03,6076.041253972489
T130-75-323,33.0,19.8,11.1,81.0,124,1.245e-03,6076.041253972489
T130-75-324,33.0,19.8,11.1,81.0,125,1.266e-03,6076.041253972489
T130-75-325,33.0,19.8,11.1,81.0,126,1.286e-03,6076.041253972489
T130-75-326,33.0,19.8,11.1,81.0,127,1.306e-03,6076.041253972489
T130-75-327,33.0,19.8,11.1,81.0,128,1.327e-03,6076.041253972489
T130-75-328,33.0,19.8,11.1,81.0,129,1.348e-03,6076.041253972489
T130-75-329,33.0,19.8,11.1,81.0,130,1.369e-03,6076.041253972489
T130-75-330,33.0,19.8,11.1,81.0,131,1.390e-03,6076.041253972489
T130-75-331,33.0,19.8,11.1,81.0,132,1.411e-03,6076.041253972489
T130-75-332,33.0,19.8,11.1,81.0,133,1.433e-03,6076.041253972489
T130-75-333,33.0,19.8,11.1,81.0,134,1.454e-03,6076.041253972489
T130-75-334,33.0,19.8,11.1,81.0,135,1.476e-03,6076.041253972489
T130-75-335,33.0,19.8,11.1,81.0,136,1.498e-03,6076.041253972489
T130-75-336,33.0,19.8,11.1,81.0,137,1.520e-03,6076.041253972489
T130-75-337,33.0,19.8,11.1,81.0,138,1.543e-03,6076.041253972489
T130-75-338,33.0,19.8,11.1,81.0,139,1.565e-03,6076.041253972489
T130-75-339,33.0,19.8,11.1,81.0,140,1.588e-03,6076.041253972489
T130-75-340,33.0,19.8,11.1,81.0,141,1.610e-03,6076.041253972489
T130-75-341,33.0,19.8,11.1,81.0,142,1.633e-03,6076.041253972489
T130-75-342,33.0,19.8,11.1,81.0,143,1.656e-03,6076.041253972489
T130-75-343,33.0,19.8,11.1,81.0,144,1.680e-03,6076.041253972489
T130-75-344,33.0,19.8,11.1,81.0,145,1.703e-03,6076.041253972489
T130-75-345,33.0,19.8,11.1,81.0,146,1.727e-03,6076.041253972489
T130-75-346,33.0,19.8,11.1,81.0,147,1.750e-03,6076.041253972489
T130-75-347,33.0,19.8,11.1,81.0,148,1.774e-03,6076.041253972489
T130-75-348,33.0,19.8,11.1,81.0,149,1.798e-03,6076.041253972489
T130-75-349,33.0,19.8,11.1,81.0,150,1.822e-03,6076.041253972489
T130-75-350,33.0,19.8,11.1,81.0,151,1.847e-03,6076.041253972489
T130-75-351,33.0,19.8,11.1,81.0,152,1.871e-03,6076.041253972489
T130-75-352,33.0,19.8,11.1,81.0,153,1.896e-03,6076.041253972489
T130-75-353,33.0,19.8,11.1,81.0,154,1.921e-03,6076.041253972489
T130-75-354,33.0,19.8,11.1,81.0,155,1.946e-03,6076.041253972489
T130-75-355,33.0,19.8,11.1,81.0,156,1.971e-03,6076.041253972489
T130-75-356,33.0,19.8,11.1,81.0,157,1.997e-03,6076.041253972489
T141-75-219,35.9,22.4,10.5,75.0,20,3.000e-05,6490.550057270598
T141-75-220,35.9,22.4,10.5,75.0,21,3.308e-05,6490.550057270598
T141-75-221,35.9,22.4,10.5,75.0,22,3.630e-05,6490.550057270598
T141-75-222,35.9,22.4,10.5,75.0,23,3.967e-05,6490.550057270598
T141-75-223,35.9,22.4,10.5,75.0,24,4.320e-05,6490.550057270598
T141-75-224,35.9,22.4,10.5,75.0,25,4.688e-05,6490.550057270598
T141-75-225,35.9,22.4,10.5,75.0,26,5.070e-05,6490.550057270598
T141-75-226,35.9,22.4,10.5,75.0,27,5.467e-05,6490.550057270598
T141-75-227,35.9,22.4,10.5,75.0,28,5.880e-05,6490.550057270598
T141-75-228,35.9,22.4,10.5,75.0,29,6.308e-05,6490.550057270598
T141-75-229,35.9,22.4,10.5,75.0,30,6.750e-05,6490.550057270598
T141-75-230,35.9,22.4,10.5,75.0,31,7.208e-05,6490.550057270598
T141-75-231,35.9,22.4,10.5,75.0,32,7.680e-05,6490.550057270598
T141-75-232,35.9,22.4,10.5,75.0,33,8.167e-05,6490.550057270598
T141-75-233,35.9,22.4,10.5,75.0,34,8.670e-05,6490.550057270598
T141-75-234,35.9,22.4,10.5,75.0,35,9.187e-05,6490.550057270598
T141-75-235,35.9,22.4,10.5,75.0,36,9.720e-05,6490.550057270598
T141-75-236,35.9,22.4,10.5,75.0,37,1.027e-04,6490.550057270598
T141-75-237,35.9,22.4,10.5,75.0,38,1.083e-04,6490.550057270598
T141-75-238,35.9,22.4,10.5,75.0,39,1.141e-04,6490.550057270598
T141-75-239,35.9,22.4,10.5,75.0,40,1.200e-04,6490.550057270598
T141-75-240,35.9,22.4,10.5,75.0,41,1.261e-04,6490.550057270598
T141-75-241,35.9,22.4,10.5,75.0,42,1.323e-04,6490.550057270598
T141-75-242,35.9,22.4,10.5,75.0,43,1.387e-04,6490.550057270598
T141-75-243,35.9,22.4,10.5,75.0,44,1.452e-04,6490.550057270598
T141-75-244,35.9,22.4,10.5,75.0,45,1.519e-04,6490.550057270598
T141-75-245,35.9,22.4,10.5,75.0,46,1.587e-04,6490.550057270598
T141-75-246,35.9,22.4,10.5,75.0,47,1.657e-04,6490.550057270598
T141-75-247,35.9,22.4,10.5,75.0,48,1.728e-04,6490.550057270598
T141-75-248,35.9,22.4,10.5,75.0,49,1.801e-04,6490.550057270598
T141-75-249,35.9,22.4,10.5,75.0,50,1.875e-04,6490.550057270598
T141-75-250,35.9,22.4,10.5,75.0,51,1.951e-04,6490.550057270598
T141-75-251,35.9,22.4,10.5,75.0,52,2.028e-04,6490.550057270598
T141-75-252,35.9,22.4,10.5,75.0,53,2.107e-04,6490.550057270598
T141-75-253,35.9,22.4,10.5,75.0,54,2.187e-04,6490.550057270598
T141-75-254,35.9,22.4,10.5,75.0,55,2.269e-04,6490.550057270598
T141-75-255,35.9,22.4,10.5,75.0,56,2.352e-04,6490.550057270598
T141-75-256,35.9,22.4,10.5,75.0,57,2.437e-04,6490.550057270598
T141-75-257,35.9,22.4,10.5,75.0,58,2.523e-04,6490.550057270598
T141-75-258,35.9,22.4,10.5,75.0,59,2.611e-04,6490.550057270598
T141-75-259,35.9,22.4,10.5,75.0,60,2.700e-04,6490.550057270598
T141-75-260,35.9,22.4,10.5,75.0,61,2.791e-04,6490.550057270598
T141-75-261,35.9,22.4,10.5,75.0,62,2.883e-04,6490.550057270598
T141-75-262,35.9,22.4,10.5,75.0,63,2.977e-04,6490.550057270598
T141-75-263,35.9,22.4,10.5,75.0,64,3.072e-04,6490.550057270598
T141-75-264,35.9,22.4,10.5,75.0,65,3.169e-04,6490.550057270598
T141-75-265,35.9,22.4,10.5,75.0,66,3.267e-04,6490.550057270598
T141-75-266,35.9,22.4,10.5,75.0,67,3.367e-04,6490.550057270598
T141-75-267,35.9,22.4,10.5,75.0,68,3.468e-04,6490.550057270598
T141-75-268,35.9,22.4,10.5,75.0,69,3.571e-04,6490.550057270598
T141-75-269,35.9,22.4,10.5,75.0,70,3.675e-04,6490.550057270598
T141-75-270,35.9,22.4,10.5,75.0,71,3.781e-04,6490.550057270598
T141-75-271,35.9,22.4,10.5,75.0,72,3.888e-04,6490.550057270598
T141-75-272,35.9,22.4,10.5,75.0,73,3.997e-04,6490.550057270598
T141-75-273,35.9,22.4,10.5,75.0,74,4.107e-04,6490.550057270598
T141-75-274,35.9,22.4,10.5,75.0,75,4.219e-04,6490.550057270598
T141-75-275,35.9,22.4,10.5,75.0,76,4.332e-04,6490.550057270598
T141-75-276,35.9,22.4,10.5,75.0,77,4.447e-04,6490.550057270598
T141-75-277,35.9,22.4,10.5,75.0,78,4.563e-04,6490.550057270598
T141-75-278,35.9,22.4,10.5,75.0,79,4.681e-04,6490.550057270598
T141-75-279,35.9,22.4,10.5,75.0,80,4.800e-04,6490.550057270598
T141-75-280,35.9,22.4,10.5,75.0,81,4.921e-04,6490.550057270598
T141-75-281,35.9,22.4,10.5,75.0,82,5.043e-04,6490.550057270598
T141-75-282,35.9,22.4,10.5,75.0,83,5.167e-04,6490.550057270598
T141-75-283,35.9,22.4,10.5,75.0,84,5.292e-04,6490.550057270598
T141-75-284,35.9,22.4,10.5,75.0,85,5.419e-04,6490.550057270598
T141-75-285,35.9,22.4,10.5,75.0,86,5.547e-04,6490.550057270598
T141-75-286,35.9,22.4,10.5,75.0,87,5.677e-04,6490.550057270598
T141-75-287,35.9,22.4,10.5,75.0,88,5.808e-04,6490.550057270598
T141-75-288,35.9,22.4,10.5,75.0,89,5.941e-04,6490.550057270598
T141-75-289,35.9,22.4,10.5,75.0,90,6.075e-04,6490.550057270598
T141-75-290,35.9,22.4,10.5,75.0,91,6.211e-04,6490.550057270598
T141-75-291,35.9,22.4,10.5,75.0,92,6.348e-04,6490.550057270598
T141-75-292,35.9,22.4,10.5,75.0,93,6.487e-04,6490.550057270598
T141-75-293,35.9,22.4,10.5,75.0,94,6.627e-04,6490.550057270598
T141-75-294,35.9,22.4,10.5,75.0,95,6.769e-04,6490.550057270598
T141-75-295,35.9,22.4,10.5,75.0,96,6.912e-04,6490.550057270598
T141-75-296,35.9,22.4,10.5,75.0,97,7.057e-04,6490.550057270598
T141-75-297,35.9,22.4,10.5,75.0,98,7.203e-04,6490.550057270598
T141-75-298,35.9,22.4,10.5,75.0,99,7.351e-04,6490.550057270598
T141-75-299,35.9,22.4,10.5,75.0,100,7.500e-04,6490.550057270598
T141-75-300,35.9,22.4,10.5,75.0,101,7.651e-04,6490.550057270598
T141-75-301,35.9,22.4,10.5,75.0,102,7.803e-04,6490.550057270598
T141-75-302,35.9,22.4,10.5,75.0,103,7.957e-04,6490.550057270598
T141-75-303,35.9,22.4,10.5,75.0,104,8.112e-04,6490.550057270598
T141-75-304,35.9,22.4,10.5,75.0,105,8.269e-04,6490.550057270598
T141-75-305,35.9,22.4,10.5,75.0,106,8.427e-04,6490.550057270598
T141-75-306,35.9,22.4,10.5,75.0,107,8.587e-04,6490.550057270598
T141-75-307,35.9,22.4,10.5,75.0,108,8.748e-04,6490.550057270598
T141-75-308,35.9,22.4,10.5,75.0,109,8.911e-04,6490.550057270598
T141-75-309,35.9,22.4,10.5,75.0,110,9.075e-04,6490.550057270598
T141-75-310,35.9,22.4,10.5,75.0,111,9.241e-04,6490.550057270598
T141-75-311,35.9,22.4,10.5,75.0,112,9.408e-04,6490.550057270598
T141-75-312,35.9,22.4,10.5,75.0,113,9.577e-04,6490.550057270598
T141-75-313,35.9,22.4,10.5,75.0,114,9.747e-04,6490.550057270598
T141-75-314,35.9,22.4,10.5,75.0,115,9.919e-04,6490.550057270598
T141-75-315,35.9,22.4,10.5,75.0,116,1.009e-03,6490.550057270598
T141-75-316,35.9,22.4,10.5,75.0,117,1.027e-03,6490.550057270598
T141-75-317,35.9,22.4,10.5,75.0,118,1.044e-03,6490.550057270598
T141-75-318,35.9,22.4,10.5,75.0,119,1.062e-03,6490.550057270598
T141-75-319,35.9,22.4,10.5,75.0,120,1.080e-03,6490.550057270598
T141-75-320,35.9,22.4,10.5,75.0,121,1.098e-03,6490.550057270598
T141-75-321,35.9,22.4,10.5,75.0,122,1.116e-03,6490.550057270598
T141-75-322,35.9,22.4,10.5,75.0,123,1.135e-03,6490.550057270598
T141-75-323,35.9,22.4,10.5,75.0,124,1.153e-03,6490.550057270598
T141-75-324,35.9,22.4,10.5,75.0,125,1.172e-03,6490.550057270598
T141-75-325,35.9,22.4,10.5,75.0,126,1.191e-03,6490.550057270598
T141-75-326,35.9,22.4,10.5,75.0,127,1.210e-03,6490.550057270598
T141-75-327,35.9,22.4,10.5,75.0,128,1.229e-03,6490.550057270598
T141-75-328,35.9,22.4,10.5,75.0,129,1.248e-03,6490.550057270598
T141-75-329,35.9,22.4,10.5,75.0,130,1.267e-03,6490.550057270598
T141-75-330,35.9,22.4,10.5,75.0,131,1.287e-03,6490.550057270598
T141-75-331,35.9,22.4,10.5,75.0,132,1.307e-03,6490.550057270598
T141-75-332,35.9,22.4,10.5,75.0,133,1.327e-03,6490.550057270598
T141-75-333,35.9,22.4,10.5,75.0,134,1.347e-03,6490.550057270598
T141-75-334,35.9,22.4,10.5,75.0,135,1.367e-03,6490.550057270598
T141-75-335,35.9,22.4,10.5,75.0,136,1.387e-03,6490.550057270598
T141-75-336,35.9,22.4,10.5,75.0,137,1.408e-03,6490.550057270598
T141-75-337,35.9,22.4,10.5,75.0,138,1.428e-03,6490.550057270598
T141-75-338,35.9,22.4,10.5,75.0,139,1.449e-03,6490.550057270598
T141-75-339,35.9,22.4,10.5,75.0,140,1.470e-03,6490.550057270598
T141-75-340,35.9,22.4,10.5,75.0,141,1.491e-03,6490.550057270598
T141-75-341,35.9,22.4,10.5,75.0,142,1.512e-03,6490.550057270598
T141-75-342,35.9,22.4,10.5,75.0,143,1.534e-03,6490.550057270598
T141-75-343,35.9,22.4,10.5,75.0,144,1.555e-03,6490.550057270598
T141-75-344,35.9,22.4,10.5,75.0,145,1.577e-03,6490.550057270598
T141-75-345,35.9,22.4,10.5,75.0,146,1.599e-03,6490.550057270598
T141-75-346,35.9,22.4,10.5,75.0,147,1.621e-03,6490.550057270598
T141-75-347,35.9,22.4,10.5,75.0,148,1.643e-03,6490.550057270598
T141-75-348,35.9,22.4,10.5,75.0,149,1.665e-03,6490.550057270598
T141-75-349,35.9,22.4,10.5,75.0,150,1.687e-03,6490.550057270598
T141-75-350,35.9,22.4,10.5,75.0,151,1.710e-03,6490.550057270598
T141-75-351,35.9,22.4,10.5,75.0,152,1.733e-03,6490.550057270598
T141-75-352,35.9,22.4,10.5,75.0,153,1.756e-03,6490.550057270598
T141-75-353,35.9,22.4,10.5,75.0,154,1.779e-03,6490.550057270598
T141-75-354,35.9,22.4,10.5,75.0,155,1.802e-03,6490.550057270598
T141-75-355,35.9,22.4,10.5,75.0,156,1.825e-03,6490.550057270598
T141-75-356,35.9,22.4,10.5,75.0,157,1.849e-03,6490.550057270598
T141-75-357,35.9,22.4,10.5,75.0,158,1.872e-03,6490.550057270598
T141-75-358,35.9,22.4,10.5,75.0,159,1.896e-03,6490.550057270598
T141-75-359,35.9,22.4,10.5,75.0,160,1.920e-03,6490.550057270598
T141-75-360,35.9,22.4,10.5,75.0,161,1.944e-03,6490.550057270598
T141-75-361,35.9,22.4,10.5,75.0,162,1.968e-03,6490.550057270598
T141-75-362,35.9,22.4,10.5,75.0,163,1.993e-03,6490.550057270598
T250-75-211,63.5,31.8,25.4,242.0,12,3.485e-05,60266.47092237527
T250-75-212,63.5,31.8,25.4,242.0,13,4.090e-05,60266.47092237527
T250-75-213,63.5,31.8,25.4,242.0,14,4.743e-05,60266.47092237527
T250-75-214,63.5,31.8,25.4,242.0,15,5.445e-05,60266.47092237527
T250-75-215,63.5,31.8,25.4,242.0,16,6.195e-05,60266.47092237527
T250-75-216,63.5,31.8,25.4,242.0,17,6.994e-05,60266.47092237527
T250-75-217,63.5,31.8,25.4,242.0,18,7.841e-05,60266.47092237527
T250-75-218,63.5,31.8,25.4,242.0,19,8.736e-05,60266.47092237527
T250-75-219,63.5,31.8,25.4,242.0,20,9.680e-05,60266.47092237527
T250-75-220,63.5,31.8,25.4,242.0,21,1.067e-04,60266.47092237527
T250-75-221,63.5,31.8,25.4,242.0,22,1.171e-04,60266.47092237527
T250-75-222,63.5,31.8,25.4,242.0,23,1.280e-04,60266.47092237527
T250-75-223,63.5,31.8,25.4,242.0,24,1.394e-04,60266.47092237527
T250-75-224,63.5,31.8,25.4,242.0,25,1.512e-04,60266.47092237527
T250-75-225,63.5,31.8,25.4,242.0,26,1.636e-04,60266.47092237527
T250-75-226,63.5,31.8,25.4,242.0,27,1.764e-04,60266.47092237527
T250-75-227,63.5,31.8,25.4,242.0,28,1.897e-04,60266.47092237527
T250-75-228,63.5,31.8,25.4,242.0,29,2.035e-04,60266.47092237527
T250-75-229,63.5,31.8,25.4,242.0,30,2.178e-04,60266.47092237527
T250-75-230,63.5,31.8,25.4,242.0,31,2.326e-04,60266.47092237527
T250-75-231,63.5,31.8,25.4,242.0,32,2.478e-04,60266.47092237527
T250-75-232,63.5,31.8,25.4,242.0,33,2.635e-04,60266.47092237527
T250-75-233,63.5,31.8,25.4,242.0,34,2.798e-04,60266.47092237527
T250-75-234,63.5,31.8,25.4,242.0,35,2.964e-04,60266.47092237527
T250-75-235,63.5,31.8,25.4,242.0,36,3.136e-04,60266.47092237527
T250-75-236,63.5,31.8,25.4,242.0,37,3.313e-04,60266.47092237527
T250-75-237,63.5,31.8,25.4,242.0,38,3.494e-04,60266.47092237527
T250-75-238,63.5,31.8,25.4,242.0,39,3.681e-04,60266.47092237527
T250-75-239,63.5,31.8,25.4,242.0,40,3.872e-04,60266.47092237527
T250-75-240,63.5,31.8,25.4,242.0,41,4.068e-04,60266.47092237527
T250-75-241,63.5,31.8,25.4,242.0,42,4.269e-04,60266.47092237527
T250-75-242,63.5,31.8,25.4,242.0,43,4.475e-04,60266.47092237527
T250-75-243,63.5,31.8,25.4,242.0,44,4.685e-04,60266.47092237527
T250-75-244,63.5,31.8,25.4,242.0,45,4.901e-04,60266.47092237527
T250-75-245,63.5,31.8,25.4,242.0,46,5.121e-04,60266.47092237527
T250-75-246,63.5,31.8,25.4,242.0,47,5.346e-04,60266.47092237527
T250-75-247,63.5,31.8,25.4,242.0,48,5.576e-04,60266.47092237527
T250-75-248,63.5,31.8,25.4,242.0,49,5.810e-04,60266.47092237527
T250-75-249,63.5,31.8,25.4,242.0,50,6.050e-04,60266.47092237527
T250-75-250,63.5,31.8,25.4,242.0,51,6.294e-04,60266.47092237527
T250-75-251,63.5,31.8,25.4,242.0,52,6.544e-04,60266.47092237527
T250-75-252,63.5,31.8,25.4,242.0,53,6.798e-04,60266.47092237527
T250-75-253,63.5,31.8,25.4,242.0,54,7.057e-04,60266.47092237527
T250-75-254,63.5,31.8,25.4,242.0,55,7.320e-04,60266.47092237527
T250-75-255,63.5,31.8,25.4,242.0,56,7.589e-04,60266.47092237527
T250-75-256,63.5,31.8,25.4,242.0,57,7.863e-04,60266.47092237527
T250-75-257,63.5,31.8,25.4,242.0,58,8.141e-04,60266.47092237527
T250-75-258,63.5,31.8,25.4,242.0,59,8.424e-04,60266.47092237527
T250-75-259,63.5,31.8,25.4,242.0,60,8.712e-04,60266.47092237527
T250-75-260,63.5,31.8,25.4,242.0,61,9.005e-04,60266.47092237527
T250-75-261,63.5,31.8,25.4,242.0,62,9.302e-04,60266.47092237527
T250-75-262,63.5,31.8,25.4,242.0,63,9.605e-04,60266.47092237527
T250-75-263,63.5,31.8,25.4,242.0,64,9.912e-04,60266.47092237527
T250-75-264,63.5,31.8,25.4,242.0,65,1.022e-03,60266.47092237527
T250-75-265,63.5,31.8,25.4,242.0,66,1.054e-03,60266.47092237527
T250-75-266,63.5,31.8,25.4,242.0,67,1.086e-03,60266.47092237527
T250-75-267,63.5,31.8,25.4,242.0,68,1.119e-03,60266.47092237527
T250-75-268,63.5,31.8,25.4,242.0,69,1.152e-03,60266.47092237527
T250-75-269,63.5,31.8,25.4,242.0,70,1.186e-03,60266.47092237527
T250-75-270,63.5,31.8,25.4,242.0,71,1.220e-03,60266.47092237527
T250-75-271,63.5,31.8,25.4,242.0,72,1.255e-03,60266.47092237527
T250-75-272,63.5,31.8,25.4,242.0,73,1.290e-03,60266.47092237527
T250-75-273,63.5,31.8,25.4,242.0,74,1.325e-03,60266.47092237527
T250-75-274,63.5,31.8,25.4,242.0,75,1.361e-03,60266.47092237527
T250-75-275,63.5,31.8,25.4,242.0,76,1.398e-03,60266.47092237527
T250-75-276,63.5,31.8,25.4,242.0,77,1.435e-03,60266.47092237527
T250-75-277,63.5,31.8,25.4,242.0,78,1.472e-03,60266.47092237527
T250-75-278,63.5,31.8,25.4,242.0,79,1.510e-03,60266.47092237527
T250-75-279,63.5,31.8,25.4,242.0,80,1.549e-03,60266.47092237527
T250-75-280,63.5,31.8,25.4,242.0,81,1.588e-03,60266.47092237527
T250-75-281,63.5,31.8,25.4,242.0,82,1.627e-03,60266.47092237527
T250-75-282,63.5,31.8,25.4,242.0,83,1.667e-03,60266.47092237527
T250-75-283,63.5,31.8,25.4,242.0,84,1.708e-03,60266.47092237527
T250-75-284,63.5,31.8,25.4,242.0,85,1.748e-03,60266.47092237527
T250-75-285,63.5,31.8,25.4,242.0,86,1.790e-03,60266.47092237527
T250-75-286,63.5,31.8,25.4,242.0,87,1.832e-03,60266.47092237527
T250-75-287,63.5,31.8,25.4,242.0,88,1.874e-03,60266.47092237527
T250-75-288,63.5,31.8,25.4,242.0,89,1.917e-03,60266.47092237527
T250-75-289,63.5,31.8,25.4,242.0,90,1.960e-03,60266.47092237527
