Part_Number,OD(mm),ID(mm),Ht(mm),AL_Value(nH/T^2),N,L(uH)
T50B-75-200,12.7,7.7,6.35,43.5,1,0.0435
T50B-75-200,12.7,7.7,6.35,43.5,2,0.174
T50B-75-200,12.7,7.7,6.35,43.5,3,0.3915
T50B-75-200,12.7,7.7,6.35,43.5,4,0.696
T50B-75-200,12.7,7.7,6.35,43.5,5,1.0875
T50B-75-200,12.7,7.7,6.35,43.5,6,1.566
T50B-75-200,12.7,7.7,6.35,43.5,7,2.1315
T50B-75-200,12.7,7.7,6.35,43.5,8,2.784
T50B-75-200,12.7,7.7,6.35,43.5,9,3.5235
T50B-75-200,12.7,7.7,6.35,43.5,10,4.35
T50B-75-200,12.7,7.7,6.35,43.5,11,5.2635
T50B-75-200,12.7,7.7,6.35,43.5,12,6.264
T50B-75-200,12.7,7.7,6.35,43.5,13,7.3515
T50B-75-200,12.7,7.7,6.35,43.5,14,8.526
T50B-75-200,12.7,7.7,6.35,43.5,15,9.7875
T50B-75-200,12.7,7.7,6.35,43.5,16,11.136
T50B-75-200,12.7,7.7,6.35,43.5,17,12.5715
T50B-75-200,12.7,7.7,6.35,43.5,18,14.094
T50B-75-200,12.7,7.7,6.35,43.5,19,15.7035
T50B-75-200,12.7,7.7,6.35,43.5,20,17.4
T50B-75-200,12.7,7.7,6.35,43.5,21,19.1835
T50B-75-200,12.7,7.7,6.35,43.5,22,21.054
T50B-75-200,12.7,7.7,6.35,43.5,23,23.0115
T50B-75-200,12.7,7.7,6.35,43.5,24,25.056
T50B-75-200,12.7,7.7,6.35,43.5,25,27.1875
T50B-75-200,12.7,7.7,6.35,43.5,26,29.406
T50B-75-200,12.7,7.7,6.35,43.5,27,31.7115
T50B-75-200,12.7,7.7,6.35,43.5,28,34.104
T50B-75-200,12.7,7.7,6.35,43.5,29,36.5835
T68A-75-200,17.5,9.4,6.35,58.0,1,0.058
T68A-75-200,17.5,9.4,6.35,58.0,2,0.232
T68A-75-200,17.5,9.4,6.35,58.0,3,0.522
T68A-75-200,17.5,9.4,6.35,58.0,4,0.928
T68A-75-200,17.5,9.4,6.35,58.0,5,1.45
T68A-75-200,17.5,9.4,6.35,58.0,6,2.088
T68A-75-200,17.5,9.4,6.35,58.0,7,2.842
T68A-75-200,17.5,9.4,6.35,58.0,8,3.712
T68A-75-200,17.5,9.4,6.35,58.0,9,4.698
T68A-75-200,17.5,9.4,6.35,58.0,10,5.8
T68A-75-200,17.5,9.4,6.35,58.0,11,7.018
T68A-75-200,17.5,9.4,6.35,58.0,12,8.352
T68A-75-200,17.5,9.4,6.35,58.0,13,9.802
T68A-75-200,17.5,9.4,6.35,58.0,14,11.368
T68A-75-200,17.5,9.4,6.35,58.0,15,13.05
T68A-75-200,17.5,9.4,6.35,58.0,16,14.848
T68A-75-200,17.5,9.4,6.35,58.0,17,16.762
T68A-75-200,17.5,9.4,6.35,58.0,18,18.792
T68A-75-200,17.5,9.4,6.35,58.0,19,20.938
T68A-75-200,17.5,9.4,6.35,58.0,20,23.2
T68A-75-200,17.5,9.4,6.35,58.0,21,25.578
T68A-75-200,17.5,9.4,6.35,58.0,22,28.072
T68A-75-200,17.5,9.4,6.35,58.0,23,30.682
T68A-75-200,17.5,9.4,6.35,58.0,24,33.408
T68A-75-200,17.5,9.4,6.35,58.0,25,36.25
T68A-75-200,17.5,9.4,6.35,58.0,26,39.208
T68A-75-200,17.5,9.4,6.35,58.0,27,42.282
T68A-75-200,17.5,9.4,6.35,58.0,28,45.472
T68A-75-200,17.5,9.4,6.35,58.0,29,48.778
T68A-75-200,17.5,9.4,6.35,58.0,30,52.2
T68A-75-200,17.5,9.4,6.35,58.0,31,55.738
T68A-75-200,17.5,9.4,6.35,58.0,32,59.392
T68A-75-200,17.5,9.4,6.35,58.0,33,63.162
T68A-75-200,17.5,9.4,6.35,58.0,34,67.048
T68A-75-200,17.5,9.4,6.35,58.0,35,71.05
T68A-75-200,17.5,9.4,6.35,58.0,36,75.168
T68A-75-200,17.5,9.4,6.35,58.0,37,79.402
T68A-75-200,17.5,9.4,6.35,58.0,38,83.752
T68A-75-200,17.5,9.4,6.35,58.0,39,88.218
T68A-75-200,17.5,9.4,6.35,58.0,40,92.8
T68A-75-200,17.5,9.4,6.35,58.0,41,97.498
T68A-75-200,17.5,9.4,6.35,58.0,42,102.312
T68A-75-200,17.5,9.4,6.35,58.0,43,107.242
T68A-75-200,17.5,9.4,6.35,58.0,44,112.288
T130-75-200 ,33.0,19.8,11.1,81.0,1,0.081
T130-75-201,33.0,19.8,11.1,81.0,2,0.324
T130-75-202,33.0,19.8,11.1,81.0,3,0.729
T130-75-203,33.0,19.8,11.1,81.0,4,1.296
T130-75-204,33.0,19.8,11.1,81.0,5,2.025
T130-75-205,33.0,19.8,11.1,81.0,6,2.916
T130-75-206,33.0,19.8,11.1,81.0,7,3.969
T130-75-207,33.0,19.8,11.1,81.0,8,5.184
T130-75-208,33.0,19.8,11.1,81.0,9,6.561
T130-75-209,33.0,19.8,11.1,81.0,10,8.1
T130-75-210,33.0,19.8,11.1,81.0,11,9.801
T130-75-211,33.0,19.8,11.1,81.0,12,11.664
T130-75-212,33.0,19.8,11.1,81.0,13,13.689
T130-75-213,33.0,19.8,11.1,81.0,14,15.876
T130-75-214,33.0,19.8,11.1,81.0,15,18.225
T130-75-215,33.0,19.8,11.1,81.0,16,20.736
T130-75-216,33.0,19.8,11.1,81.0,17,23.409
T130-75-217,33.0,19.8,11.1,81.0,18,26.244
T130-75-218,33.0,19.8,11.1,81.0,19,29.241
T130-75-219,33.0,19.8,11.1,81.0,20,32.4
T130-75-220,33.0,19.8,11.1,81.0,21,35.721
T130-75-221,33.0,19.8,11.1,81.0,22,39.204
T130-75-222,33.0,19.8,11.1,81.0,23,42.849
T130-75-223,33.0,19.8,11.1,81.0,24,46.656
T130-75-224,33.0,19.8,11.1,81.0,25,50.625
T130-75-225,33.0,19.8,11.1,81.0,26,54.756
T130-75-226,33.0,19.8,11.1,81.0,27,59.049
T130-75-227,33.0,19.8,11.1,81.0,28,63.504
T130-75-228,33.0,19.8,11.1,81.0,29,68.121
T130-75-229,33.0,19.8,11.1,81.0,30,72.9
T130-75-230,33.0,19.8,11.1,81.0,31,77.841
T130-75-231,33.0,19.8,11.1,81.0,32,82.944
T130-75-232,33.0,19.8,11.1,81.0,33,88.209
T130-75-233,33.0,19.8,11.1,81.0,34,93.636
T130-75-234,33.0,19.8,11.1,81.0,35,99.225
T130-75-235,33.0,19.8,11.1,81.0,36,104.976
T130-75-236,33.0,19.8,11.1,81.0,37,110.889
T130-75-237,33.0,19.8,11.1,81.0,38,116.964
T130-75-238,33.0,19.8,11.1,81.0,39,123.201
T130-75-239,33.0,19.8,11.1,81.0,40,129.6
T130-75-240,33.0,19.8,11.1,81.0,41,136.161
T130-75-241,33.0,19.8,11.1,81.0,42,142.884
T130-75-242,33.0,19.8,11.1,81.0,43,149.769
T130-75-243,33.0,19.8,11.1,81.0,44,156.816
T130-75-244,33.0,19.8,11.1,81.0,45,164.025
T130-75-245,33.0,19.8,11.1,81.0,46,171.396
T130-75-246,33.0,19.8,11.1,81.0,47,178.929
T130-75-247,33.0,19.8,11.1,81.0,48,186.624
T130-75-248,33.0,19.8,11.1,81.0,49,194.481
T130-75-249,33.0,19.8,11.1,81.0,50,202.5
T130-75-250,33.0,19.8,11.1,81.0,51,210.681
T130-75-251,33.0,19.8,11.1,81.0,52,219.024
T130-75-252,33.0,19.8,11.1,81.0,53,227.529
T130-75-253,33.0,19.8,11.1,81.0,54,236.196
T130-75-254,33.0,19.8,11.1,81.0,55,245.025
T130-75-255,33.0,19.8,11.1,81.0,56,254.016
T130-75-256,33.0,19.8,11.1,81.0,57,263.169
T130-75-257,33.0,19.8,11.1,81.0,58,272.484
T130-75-258,33.0,19.8,11.1,81.0,59,281.961
T130-75-259,33.0,19.8,11.1,81.0,60,291.6
T130-75-260,33.0,19.8,11.1,81.0,61,301.401
T130-75-261,33.0,19.8,11.1,81.0,62,311.364
T130-75-262,33.0,19.8,11.1,81.0,63,321.489
T130-75-263,33.0,19.8,11.1,81.0,64,331.776
T130-75-264,33.0,19.8,11.1,81.0,65,342.225
T130-75-265,33.0,19.8,11.1,81.0,66,352.836
T130-75-266,33.0,19.8,11.1,81.0,67,363.609
T130-75-267,33.0,19.8,11.1,81.0,68,374.544
T130-75-268,33.0,19.8,11.1,81.0,69,385.641
T130-75-269,33.0,19.8,11.1,81.0,70,396.9
T130-75-270,33.0,19.8,11.1,81.0,71,408.321
T130-75-271,33.0,19.8,11.1,81.0,72,419.904
T130-75-272,33.0,19.8,11.1,81.0,73,431.649
T130-75-273,33.0,19.8,11.1,81.0,74,443.556
T130-75-274,33.0,19.8,11.1,81.0,75,455.625
T130-75-275,33.0,19.8,11.1,81.0,76,467.856
T130-75-276,33.0,19.8,11.1,81.0,77,480.249
T130-75-277,33.0,19.8,11.1,81.0,78,492.804
T130-75-278,33.0,19.8,11.1,81.0,79,505.521
T130-75-279,33.0,19.8,11.1,81.0,80,518.4
T130-75-280,33.0,19.8,11.1,81.0,81,531.441
T130-75-281,33.0,19.8,11.1,81.0,82,544.644
T130-75-282,33.0,19.8,11.1,81.0,83,558.009
T130-75-283,33.0,19.8,11.1,81.0,84,571.536
T130-75-284,33.0,19.8,11.1,81.0,85,585.225
T130-75-285,33.0,19.8,11.1,81.0,86,599.076
T130-75-286,33.0,19.8,11.1,81.0,87,613.089
T130-75-287,33.0,19.8,11.1,81.0,88,627.264
T130-75-288,33.0,19.8,11.1,81.0,89,641.601
T130-75-289,33.0,19.8,11.1,81.0,90,656.1
T130-75-290,33.0,19.8,11.1,81.0,91,670.761
T130-75-291,33.0,19.8,11.1,81.0,92,685.584
T130-75-292,33.0,19.8,11.1,81.0,93,700.569
T130-75-293,33.0,19.8,11.1,81.0,94,715.716
T130-75-294,33.0,19.8,11.1,81.0,95,731.025
T130-75-295,33.0,19.8,11.1,81.0,96,746.496
T130-75-296,33.0,19.8,11.1,81.0,97,762.129
T130-75-297,33.0,19.8,11.1,81.0,98,777.924
T130-75-298,33.0,19.8,11.1,81.0,99,793.881
T130-75-299,33.0,19.8,11.1,81.0,100,810.0
T130-75-300,33.0,19.8,11.1,81.0,101,826.281
T130-75-301,33.0,19.8,11.1,81.0,102,842.724
T130-75-302,33.0,19.8,11.1,81.0,103,859.329
T130-75-303,33.0,19.8,11.1,81.0,104,876.096
T130-75-304,33.0,19.8,11.1,81.0,105,893.025
T130-75-305,33.0,19.8,11.1,81.0,106,910.116
T130-75-306,33.0,19.8,11.1,81.0,107,927.369
T130-75-307,33.0,19.8,11.1,81.0,108,944.784
T130-75-308,33.0,19.8,11.1,81.0,109,962.361
T130-75-309,33.0,19.8,11.1,81.0,110,980.1
T130-75-310,33.0,19.8,11.1,81.0,111,998.001
T130-75-311,33.0,19.8,11.1,81.0,112,1016.064
T130-75-312,33.0,19.8,11.1,81.0,113,1034.289
T130-75-313,33.0,19.8,11.1,81.0,114,1052.676
T130-75-314,33.0,19.8,11.1,81.0,115,1071.225
T130-75-315,33.0,19.8,11.1,81.0,116,1089.936
T130-75-316,33.0,19.8,11.1,81.0,117,1108.809
T130-75-317,33.0,19.8,11.1,81.0,118,1127.844
T130-75-318,33.0,19.8,11.1,81.0,119,1147.041
T130-75-319,33.0,19.8,11.1,81.0,120,1166.4
T130-75-320,33.0,19.8,11.1,81.0,121,1185.921
T130-75-321,33.0,19.8,11.1,81.0,122,1205.604
T130-75-322,33.0,19.8,11.1,81.0,123,1225.449
T130-75-323,33.0,19.8,11.1,81.0,124,1245.456
T130-75-324,33.0,19.8,11.1,81.0,125,1265.625
T130-75-325,33.0,19.8,11.1,81.0,126,1285.956
T130-75-326,33.0,19.8,11.1,81.0,127,1306.449
T130-75-327,33.0,19.8,11.1,81.0,128,1327.104
T130-75-328,33.0,19.8,11.1,81.0,129,1347.921
T130-75-329,33.0,19.8,11.1,81.0,130,1368.9
T130-75-330,33.0,19.8,11.1,81.0,131,1390.041
T130-75-331,33.0,19.8,11.1,81.0,132,1411.344
T130-75-332,33.0,19.8,11.1,81.0,133,1432.809
T130-75-333,33.0,19.8,11.1,81.0,134,1454.436
T130-75-334,33.0,19.8,11.1,81.0,135,1476.225
T130-75-335,33.0,19.8,11.1,81.0,136,1498.176
T130-75-336,33.0,19.8,11.1,81.0,137,1520.289
T130-75-337,33.0,19.8,11.1,81.0,138,1542.564
T130-75-338,33.0,19.8,11.1,81.0,139,1565.001
T130-75-339,33.0,19.8,11.1,81.0,140,1587.6
T130-75-340,33.0,19.8,11.1,81.0,141,1610.361
T130-75-341,33.0,19.8,11.1,81.0,142,1633.284
T130-75-342,33.0,19.8,11.1,81.0,143,1656.369
T130-75-343,33.0,19.8,11.1,81.0,144,1679.616
T130-75-344,33.0,19.8,11.1,81.0,145,1703.025
T130-75-345,33.0,19.8,11.1,81.0,146,1726.596
T130-75-346,33.0,19.8,11.1,81.0,147,1750.329
T130-75-347,33.0,19.8,11.1,81.0,148,1774.224
T130-75-348,33.0,19.8,11.1,81.0,149,1798.281
T130-75-349,33.0,19.8,11.1,81.0,150,1822.5
T130-75-350,33.0,19.8,11.1,81.0,151,1846.881
T130-75-351,33.0,19.8,11.1,81.0,152,1871.424
T130-75-352,33.0,19.8,11.1,81.0,153,1896.129
T130-75-353,33.0,19.8,11.1,81.0,154,1920.996
T130-75-354,33.0,19.8,11.1,81.0,155,1946.025
T130-75-355,33.0,19.8,11.1,81.0,156,1971.216
T130-75-356,33.0,19.8,11.1,81.0,157,1996.569
T130-75-357,33.0,19.8,11.1,81.0,158,2022.084
T130-75-358,33.0,19.8,11.1,81.0,159,2047.761
T130-75-359,33.0,19.8,11.1,81.0,160,2073.6
T130-75-360,33.0,19.8,11.1,81.0,161,2099.601
T130-75-361,33.0,19.8,11.1,81.0,162,2125.764
T130-75-362,33.0,19.8,11.1,81.0,163,2152.089
T130-75-363,33.0,19.8,11.1,81.0,164,2178.576
T130-75-364,33.0,19.8,11.1,81.0,165,2205.225
T130-75-365,33.0,19.8,11.1,81.0,166,2232.036
T130-75-366,33.0,19.8,11.1,81.0,167,2259.009
T130-75-367,33.0,19.8,11.1,81.0,168,2286.144
T130-75-368,33.0,19.8,11.1,81.0,169,2313.441
T130-75-369,33.0,19.8,11.1,81.0,170,2340.9
T130-75-370,33.0,19.8,11.1,81.0,171,2368.521
T130-75-371,33.0,19.8,11.1,81.0,172,2396.304
T130-75-372,33.0,19.8,11.1,81.0,173,2424.249
T130-75-373,33.0,19.8,11.1,81.0,174,2452.356
T130-75-374,33.0,19.8,11.1,81.0,175,2480.625
T130-75-375,33.0,19.8,11.1,81.0,176,2509.056
T130-75-376,33.0,19.8,11.1,81.0,177,2537.649
T130-75-377,33.0,19.8,11.1,81.0,178,2566.404
T130-75-378,33.0,19.8,11.1,81.0,179,2595.321
T130-75-379,33.0,19.8,11.1,81.0,180,2624.4
T130-75-380,33.0,19.8,11.1,81.0,181,2653.641
T130-75-381,33.0,19.8,11.1,81.0,182,2683.044
T130-75-382,33.0,19.8,11.1,81.0,183,2712.609
T130-75-383,33.0,19.8,11.1,81.0,184,2742.336
T130-75-384,33.0,19.8,11.1,81.0,185,2772.225
T130-75-385,33.0,19.8,11.1,81.0,186,2802.276
T130-75-386,33.0,19.8,11.1,81.0,187,2832.489
T130-75-387,33.0,19.8,11.1,81.0,188,2862.864
T130-75-388,33.0,19.8,11.1,81.0,189,2893.401
T130-75-389,33.0,19.8,11.1,81.0,190,2924.1
T130-75-390,33.0,19.8,11.1,81.0,191,2954.961
T130-75-391,33.0,19.8,11.1,81.0,192,2985.984
T130-75-392,33.0,19.8,11.1,81.0,193,3017.169
T130-75-393,33.0,19.8,11.1,81.0,194,3048.516
T130-75-394,33.0,19.8,11.1,81.0,195,3080.025
T130-75-395,33.0,19.8,11.1,81.0,196,3111.696
T141-75-200,35.9,22.4,10.5,75.0,1,0.075
T141-75-201,35.9,22.4,10.5,75.0,2,0.3
T141-75-202,35.9,22.4,10.5,75.0,3,0.675
T141-75-203,35.9,22.4,10.5,75.0,4,1.2
T141-75-204,35.9,22.4,10.5,75.0,5,1.875
T141-75-205,35.9,22.4,10.5,75.0,6,2.7
T141-75-206,35.9,22.4,10.5,75.0,7,3.675
T141-75-207,35.9,22.4,10.5,75.0,8,4.8
T141-75-208,35.9,22.4,10.5,75.0,9,6.075
T141-75-209,35.9,22.4,10.5,75.0,10,7.5
T141-75-210,35.9,22.4,10.5,75.0,11,9.075
T141-75-211,35.9,22.4,10.5,75.0,12,10.8
T141-75-212,35.9,22.4,10.5,75.0,13,12.675
T141-75-213,35.9,22.4,10.5,75.0,14,14.7
T141-75-214,35.9,22.4,10.5,75.0,15,16.875
T141-75-215,35.9,22.4,10.5,75.0,16,19.2
T141-75-216,35.9,22.4,10.5,75.0,17,21.675
T141-75-217,35.9,22.4,10.5,75.0,18,24.3
T141-75-218,35.9,22.4,10.5,75.0,19,27.075
T141-75-219,35.9,22.4,10.5,75.0,20,30.0
T141-75-220,35.9,22.4,10.5,75.0,21,33.075
T141-75-221,35.9,22.4,10.5,75.0,22,36.3
T141-75-222,35.9,22.4,10.5,75.0,23,39.675
T141-75-223,35.9,22.4,10.5,75.0,24,43.2
T141-75-224,35.9,22.4,10.5,75.0,25,46.875
T141-75-225,35.9,22.4,10.5,75.0,26,50.7
T141-75-226,35.9,22.4,10.5,75.0,27,54.675
T141-75-227,35.9,22.4,10.5,75.0,28,58.8
T141-75-228,35.9,22.4,10.5,75.0,29,63.075
T141-75-229,35.9,22.4,10.5,75.0,30,67.5
T141-75-230,35.9,22.4,10.5,75.0,31,72.075
T141-75-231,35.9,22.4,10.5,75.0,32,76.8
T141-75-232,35.9,22.4,10.5,75.0,33,81.675
T141-75-233,35.9,22.4,10.5,75.0,34,86.7
T141-75-234,35.9,22.4,10.5,75.0,35,91.875
T141-75-235,35.9,22.4,10.5,75.0,36,97.2
T141-75-236,35.9,22.4,10.5,75.0,37,102.675
T141-75-237,35.9,22.4,10.5,75.0,38,108.3
T141-75-238,35.9,22.4,10.5,75.0,39,114.075
T141-75-239,35.9,22.4,10.5,75.0,40,120.0
T141-75-240,35.9,22.4,10.5,75.0,41,126.075
T141-75-241,35.9,22.4,10.5,75.0,42,132.3
T141-75-242,35.9,22.4,10.5,75.0,43,138.675
T141-75-243,35.9,22.4,10.5,75.0,44,145.2
T141-75-244,35.9,22.4,10.5,75.0,45,151.875
T141-75-245,35.9,22.4,10.5,75.0,46,158.7
T141-75-246,35.9,22.4,10.5,75.0,47,165.675
T141-75-247,35.9,22.4,10.5,75.0,48,172.8
T141-75-248,35.9,22.4,10.5,75.0,49,180.075
T141-75-249,35.9,22.4,10.5,75.0,50,187.5
T141-75-250,35.9,22.4,10.5,75.0,51,195.075
T141-75-251,35.9,22.4,10.5,75.0,52,202.8
T141-75-252,35.9,22.4,10.5,75.0,53,210.675
T141-75-253,35.9,22.4,10.5,75.0,54,218.7
T141-75-254,35.9,22.4,10.5,75.0,55,226.875
T141-75-255,35.9,22.4,10.5,75.0,56,235.2
T141-75-256,35.9,22.4,10.5,75.0,57,243.675
T141-75-257,35.9,22.4,10.5,75.0,58,252.3
T141-75-258,35.9,22.4,10.5,75.0,59,261.075
T141-75-259,35.9,22.4,10.5,75.0,60,270.0
T141-75-260,35.9,22.4,10.5,75.0,61,279.075
T141-75-261,35.9,22.4,10.5,75.0,62,288.3
T141-75-262,35.9,22.4,10.5,75.0,63,297.675
T141-75-263,35.9,22.4,10.5,75.0,64,307.2
T141-75-264,35.9,22.4,10.5,75.0,65,316.875
T141-75-265,35.9,22.4,10.5,75.0,66,326.7
T141-75-266,35.9,22.4,10.5,75.0,67,336.675
T141-75-267,35.9,22.4,10.5,75.0,68,346.8
T141-75-268,35.9,22.4,10.5,75.0,69,357.075
T141-75-269,35.9,22.4,10.5,75.0,70,367.5
T141-75-270,35.9,22.4,10.5,75.0,71,378.075
T141-75-271,35.9,22.4,10.5,75.0,72,388.8
T141-75-272,35.9,22.4,10.5,75.0,73,399.675
T141-75-273,35.9,22.4,10.5,75.0,74,410.7
T141-75-274,35.9,22.4,10.5,75.0,75,421.875
T141-75-275,35.9,22.4,10.5,75.0,76,433.2
T141-75-276,35.9,22.4,10.5,75.0,77,444.675
T141-75-277,35.9,22.4,10.5,75.0,78,456.3
T141-75-278,35.9,22.4,10.5,75.0,79,468.075
T141-75-279,35.9,22.4,10.5,75.0,80,480.0
T141-75-280,35.9,22.4,10.5,75.0,81,492.075
T141-75-281,35.9,22.4,10.5,75.0,82,504.3
T141-75-282,35.9,22.4,10.5,75.0,83,516.675
T141-75-283,35.9,22.4,10.5,75.0,84,529.2
T141-75-284,35.9,22.4,10.5,75.0,85,541.875
T141-75-285,35.9,22.4,10.5,75.0,86,554.7
T141-75-286,35.9,22.4,10.5,75.0,87,567.675
T141-75-287,35.9,22.4,10.5,75.0,88,580.8
T141-75-288,35.9,22.4,10.5,75.0,89,594.075
T141-75-289,35.9,22.4,10.5,75.0,90,607.5
T141-75-290,35.9,22.4,10.5,75.0,91,621.075
T141-75-291,35.9,22.4,10.5,75.0,92,634.8
T141-75-292,35.9,22.4,10.5,75.0,93,648.675
T141-75-293,35.9,22.4,10.5,75.0,94,662.7
T141-75-294,35.9,22.4,10.5,75.0,95,676.875
T141-75-295,35.9,22.4,10.5,75.0,96,691.2
T141-75-296,35.9,22.4,10.5,75.0,97,705.675
T141-75-297,35.9,22.4,10.5,75.0,98,720.3
T141-75-298,35.9,22.4,10.5,75.0,99,735.075
T141-75-299,35.9,22.4,10.5,75.0,100,750.0
T141-75-300,35.9,22.4,10.5,75.0,101,765.075
T141-75-301,35.9,22.4,10.5,75.0,102,780.3
T141-75-302,35.9,22.4,10.5,75.0,103,795.675
T141-75-303,35.9,22.4,10.5,75.0,104,811.2
T141-75-304,35.9,22.4,10.5,75.0,105,826.875
T141-75-305,35.9,22.4,10.5,75.0,106,842.7
T141-75-306,35.9,22.4,10.5,75.0,107,858.675
T141-75-307,35.9,22.4,10.5,75.0,108,874.8
T141-75-308,35.9,22.4,10.5,75.0,109,891.075
T141-75-309,35.9,22.4,10.5,75.0,110,907.5
T141-75-310,35.9,22.4,10.5,75.0,111,924.075
T141-75-311,35.9,22.4,10.5,75.0,112,940.8
T141-75-312,35.9,22.4,10.5,75.0,113,957.675
T141-75-313,35.9,22.4,10.5,75.0,114,974.7
T141-75-314,35.9,22.4,10.5,75.0,115,991.875
T141-75-315,35.9,22.4,10.5,75.0,116,1009.2
T141-75-316,35.9,22.4,10.5,75.0,117,1026.675
T141-75-317,35.9,22.4,10.5,75.0,118,1044.3
T141-75-318,35.9,22.4,10.5,75.0,119,1062.075
T141-75-319,35.9,22.4,10.5,75.0,120,1080.0
T141-75-320,35.9,22.4,10.5,75.0,121,1098.075
T141-75-321,35.9,22.4,10.5,75.0,122,1116.3
T141-75-322,35.9,22.4,10.5,75.0,123,1134.675
T141-75-323,35.9,22.4,10.5,75.0,124,1153.2
T141-75-324,35.9,22.4,10.5,75.0,125,1171.875
T141-75-325,35.9,22.4,10.5,75.0,126,1190.7
T141-75-326,35.9,22.4,10.5,75.0,127,1209.675
T141-75-327,35.9,22.4,10.5,75.0,128,1228.8
T141-75-328,35.9,22.4,10.5,75.0,129,1248.075
T141-75-329,35.9,22.4,10.5,75.0,130,1267.5
T141-75-330,35.9,22.4,10.5,75.0,131,1287.075
T141-75-331,35.9,22.4,10.5,75.0,132,1306.8
T141-75-332,35.9,22.4,10.5,75.0,133,1326.675
T141-75-333,35.9,22.4,10.5,75.0,134,1346.7
T141-75-334,35.9,22.4,10.5,75.0,135,1366.875
T141-75-335,35.9,22.4,10.5,75.0,136,1387.2
T141-75-336,35.9,22.4,10.5,75.0,137,1407.675
T141-75-337,35.9,22.4,10.5,75.0,138,1428.3
T141-75-338,35.9,22.4,10.5,75.0,139,1449.075
T141-75-339,35.9,22.4,10.5,75.0,140,1470.0
T141-75-340,35.9,22.4,10.5,75.0,141,1491.075
T141-75-341,35.9,22.4,10.5,75.0,142,1512.3
T141-75-342,35.9,22.4,10.5,75.0,143,1533.675
T141-75-343,35.9,22.4,10.5,75.0,144,1555.2
T141-75-344,35.9,22.4,10.5,75.0,145,1576.875
T141-75-345,35.9,22.4,10.5,75.0,146,1598.7
T141-75-346,35.9,22.4,10.5,75.0,147,1620.675
T141-75-347,35.9,22.4,10.5,75.0,148,1642.8
T141-75-348,35.9,22.4,10.5,75.0,149,1665.075
T141-75-349,35.9,22.4,10.5,75.0,150,1687.5
T141-75-350,35.9,22.4,10.5,75.0,151,1710.075
T141-75-351,35.9,22.4,10.5,75.0,152,1732.8
T141-75-352,35.9,22.4,10.5,75.0,153,1755.675
T141-75-353,35.9,22.4,10.5,75.0,154,1778.7
T141-75-354,35.9,22.4,10.5,75.0,155,1801.875
T141-75-355,35.9,22.4,10.5,75.0,156,1825.2
T141-75-356,35.9,22.4,10.5,75.0,157,1848.675
T141-75-357,35.9,22.4,10.5,75.0,158,1872.3
T141-75-358,35.9,22.4,10.5,75.0,159,1896.075
T141-75-359,35.9,22.4,10.5,75.0,160,1920.0
T141-75-360,35.9,22.4,10.5,75.0,161,1944.075
T141-75-361,35.9,22.4,10.5,75.0,162,1968.3
T141-75-362,35.9,22.4,10.5,75.0,163,1992.675
T141-75-363,35.9,22.4,10.5,75.0,164,2017.2
T141-75-364,35.9,22.4,10.5,75.0,165,2041.875
T141-75-365,35.9,22.4,10.5,75.0,166,2066.7
T141-75-366,35.9,22.4,10.5,75.0,167,2091.675
T141-75-367,35.9,22.4,10.5,75.0,168,2116.8
T141-75-368,35.9,22.4,10.5,75.0,169,2142.075
T141-75-369,35.9,22.4,10.5,75.0,170,2167.5
T141-75-370,35.9,22.4,10.5,75.0,171,2193.075
T141-75-371,35.9,22.4,10.5,75.0,172,2218.8
T141-75-372,35.9,22.4,10.5,75.0,173,2244.675
T141-75-373,35.9,22.4,10.5,75.0,174,2270.7
T141-75-374,35.9,22.4,10.5,75.0,175,2296.875
T141-75-375,35.9,22.4,10.5,75.0,176,2323.2
T141-75-376,35.9,22.4,10.5,75.0,177,2349.675
T141-75-377,35.9,22.4,10.5,75.0,178,2376.3
T141-75-378,35.9,22.4,10.5,75.0,179,2403.075
T141-75-379,35.9,22.4,10.5,75.0,180,2430.0
T141-75-380,35.9,22.4,10.5,75.0,181,2457.075
T141-75-381,35.9,22.4,10.5,75.0,182,2484.3
T141-75-382,35.9,22.4,10.5,75.0,183,2511.675
T141-75-383,35.9,22.4,10.5,75.0,184,2539.2
T141-75-384,35.9,22.4,10.5,75.0,185,2566.875
T141-75-385,35.9,22.4,10.5,75.0,186,2594.7
T141-75-386,35.9,22.4,10.5,75.0,187,2622.675
T141-75-387,35.9,22.4,10.5,75.0,188,2650.8
T141-75-388,35.9,22.4,10.5,75.0,189,2679.075
T141-75-389,35.9,22.4,10.5,75.0,190,2707.5
T141-75-390,35.9,22.4,10.5,75.0,191,2736.075
T141-75-391,35.9,22.4,10.5,75.0,192,2764.8
T141-75-392,35.9,22.4,10.5,75.0,193,2793.675
T141-75-393,35.9,22.4,10.5,75.0,194,2822.7
T141-75-394,35.9,22.4,10.5,75.0,195,2851.875
T141-75-395,35.9,22.4,10.5,75.0,196,2881.2
T141-75-396,35.9,22.4,10.5,75.0,197,2910.675
T141-75-397,35.9,22.4,10.5,75.0,198,2940.3
T141-75-398,35.9,22.4,10.5,75.0,199,2970.075
T141-75-399,35.9,22.4,10.5,75.0,200,3000.0
T141-75-400,35.9,22.4,10.5,75.0,201,3030.075
T141-75-401,35.9,22.4,10.5,75.0,202,3060.3
T141-75-402,35.9,22.4,10.5,75.0,203,3090.675
T141-75-403,35.9,22.4,10.5,75.0,204,3121.2
T141-75-404,35.9,22.4,10.5,75.0,205,3151.875
T141-75-405,35.9,22.4,10.5,75.0,206,3182.7
T141-75-406,35.9,22.4,10.5,75.0,207,3213.675
T141-75-407,35.9,22.4,10.5,75.0,208,3244.8
T141-75-408,35.9,22.4,10.5,75.0,209,3276.075
T141-75-409,35.9,22.4,10.5,75.0,210,3307.5
T141-75-410,35.9,22.4,10.5,75.0,211,3339.075
T141-75-411,35.9,22.4,10.5,75.0,212,3370.8
T141-75-412,35.9,22.4,10.5,75.0,213,3402.675
T141-75-413,35.9,22.4,10.5,75.0,214,3434.7
T141-75-414,35.9,22.4,10.5,75.0,215,3466.875
T141-75-415,35.9,22.4,10.5,75.0,216,3499.2
T141-75-416,35.9,22.4,10.5,75.0,217,3531.675
T141-75-417,35.9,22.4,10.5,75.0,218,3564.3
T141-75-418,35.9,22.4,10.5,75.0,219,3597.075
T141-75-419,35.9,22.4,10.5,75.0,220,3630.0
T141-75-420,35.9,22.4,10.5,75.0,221,3663.075
T141-75-421,35.9,22.4,10.5,75.0,222,3696.3
T141-75-422,35.9,22.4,10.5,75.0,223,3729.675
T141-75-423,35.9,22.4,10.5,75.0,224,3763.2
T141-75-424,35.9,22.4,10.5,75.0,225,3796.875
T141-75-425,35.9,22.4,10.5,75.0,226,3830.7
T141-75-426,35.9,22.4,10.5,75.0,227,3864.675
T141-75-427,35.9,22.4,10.5,75.0,228,3898.8
T141-75-428,35.9,22.4,10.5,75.0,229,3933.075
T141-75-429,35.9,22.4,10.5,75.0,230,3967.5
T141-75-430,35.9,22.4,10.5,75.0,231,4002.075
T141-75-431,35.9,22.4,10.5,75.0,232,4036.8
T141-75-432,35.9,22.4,10.5,75.0,233,4071.675
T141-75-433,35.9,22.4,10.5,75.0,234,4106.7
T141-75-434,35.9,22.4,10.5,75.0,235,4141.875
T141-75-435,35.9,22.4,10.5,75.0,236,4177.2
T141-75-436,35.9,22.4,10.5,75.0,237,4212.675
T141-75-437,35.9,22.4,10.5,75.0,238,4248.3
T141-75-438,35.9,22.4,10.5,75.0,239,4284.075
T141-75-439,35.9,22.4,10.5,75.0,240,4320.0
T141-75-440,35.9,22.4,10.5,75.0,241,4356.075
T141-75-441,35.9,22.4,10.5,75.0,242,4392.3
T141-75-442,35.9,22.4,10.5,75.0,243,4428.675
T141-75-443,35.9,22.4,10.5,75.0,244,4465.2
T141-75-444,35.9,22.4,10.5,75.0,245,4501.875
T141-75-445,35.9,22.4,10.5,75.0,246,4538.7
T141-75-446,35.9,22.4,10.5,75.0,247,4575.675
T141-75-447,35.9,22.4,10.5,75.0,248,4612.8
T141-75-448,35.9,22.4,10.5,75.0,249,4650.075
T141-75-449,35.9,22.4,10.5,75.0,250,4687.5
T250-75-200,63.5,31.8,25.4,242.0,1,0.242
T250-75-201,63.5,31.8,25.4,242.0,2,0.968
T250-75-202,63.5,31.8,25.4,242.0,3,2.178
T250-75-203,63.5,31.8,25.4,242.0,4,3.872
T250-75-204,63.5,31.8,25.4,242.0,5,6.05
T250-75-205,63.5,31.8,25.4,242.0,6,8.712
T250-75-206,63.5,31.8,25.4,242.0,7,11.858
T250-75-207,63.5,31.8,25.4,242.0,8,15.488
T250-75-208,63.5,31.8,25.4,242.0,9,19.602
T250-75-209,63.5,31.8,25.4,242.0,10,24.2
T250-75-210,63.5,31.8,25.4,242.0,11,29.282
T250-75-211,63.5,31.8,25.4,242.0,12,34.848
T250-75-212,63.5,31.8,25.4,242.0,13,40.898
T250-75-213,63.5,31.8,25.4,242.0,14,47.432
T250-75-214,63.5,31.8,25.4,242.0,15,54.45
T250-75-215,63.5,31.8,25.4,242.0,16,61.952
T250-75-216,63.5,31.8,25.4,242.0,17,69.938
T250-75-217,63.5,31.8,25.4,242.0,18,78.408
T250-75-218,63.5,31.8,25.4,242.0,19,87.362
T250-75-219,63.5,31.8,25.4,242.0,20,96.8
T250-75-220,63.5,31.8,25.4,242.0,21,106.722
T250-75-221,63.5,31.8,25.4,242.0,22,117.128
T250-75-222,63.5,31.8,25.4,242.0,23,128.018
T250-75-223,63.5,31.8,25.4,242.0,24,139.392
T250-75-224,63.5,31.8,25.4,242.0,25,151.25
T250-75-225,63.5,31.8,25.4,242.0,26,163.592
T250-75-226,63.5,31.8,25.4,242.0,27,176.418
T250-75-227,63.5,31.8,25.4,242.0,28,189.728
T250-75-228,63.5,31.8,25.4,242.0,29,203.522
T250-75-229,63.5,31.8,25.4,242.0,30,217.8
T250-75-230,63.5,31.8,25.4,242.0,31,232.562
T250-75-231,63.5,31.8,25.4,242.0,32,247.808
T250-75-232,63.5,31.8,25.4,242.0,33,263.538
T250-75-233,63.5,31.8,25.4,242.0,34,279.752
T250-75-234,63.5,31.8,25.4,242.0,35,296.45
T250-75-235,63.5,31.8,25.4,242.0,36,313.632
T250-75-236,63.5,31.8,25.4,242.0,37,331.298
T250-75-237,63.5,31.8,25.4,242.0,38,349.448
T250-75-238,63.5,31.8,25.4,242.0,39,368.082
T250-75-239,63.5,31.8,25.4,242.0,40,387.2
T250-75-240,63.5,31.8,25.4,242.0,41,406.802
T250-75-241,63.5,31.8,25.4,242.0,42,426.888
T250-75-242,63.5,31.8,25.4,242.0,43,447.458
T250-75-243,63.5,31.8,25.4,242.0,44,468.512
T250-75-244,63.5,31.8,25.4,242.0,45,490.05
T250-75-245,63.5,31.8,25.4,242.0,46,512.072
T250-75-246,63.5,31.8,25.4,242.0,47,534.578
T250-75-247,63.5,31.8,25.4,242.0,48,557.568
T250-75-248,63.5,31.8,25.4,242.0,49,581.042
T250-75-249,63.5,31.8,25.4,242.0,50,605.0
T250-75-250,63.5,31.8,25.4,242.0,51,629.442
T250-75-251,63.5,31.8,25.4,242.0,52,654.368
T250-75-252,63.5,31.8,25.4,242.0,53,679.778
T250-75-253,63.5,31.8,25.4,242.0,54,705.672
T250-75-254,63.5,31.8,25.4,242.0,55,732.05
T250-75-255,63.5,31.8,25.4,242.0,56,758.912
T250-75-256,63.5,31.8,25.4,242.0,57,786.258
T250-75-257,63.5,31.8,25.4,242.0,58,814.088
T250-75-258,63.5,31.8,25.4,242.0,59,842.402
T250-75-259,63.5,31.8,25.4,242.0,60,871.2
T250-75-260,63.5,31.8,25.4,242.0,61,900.482
T250-75-261,63.5,31.8,25.4,242.0,62,930.248
T250-75-262,63.5,31.8,25.4,242.0,63,960.498
T250-75-263,63.5,31.8,25.4,242.0,64,991.232
T250-75-264,63.5,31.8,25.4,242.0,65,1022.45
T250-75-265,63.5,31.8,25.4,242.0,66,1054.152
T250-75-266,63.5,31.8,25.4,242.0,67,1086.338
T250-75-267,63.5,31.8,25.4,242.0,68,1119.008
T250-75-268,63.5,31.8,25.4,242.0,69,1152.162
T250-75-269,63.5,31.8,25.4,242.0,70,1185.8
T250-75-270,63.5,31.8,25.4,242.0,71,1219.922
T250-75-271,63.5,31.8,25.4,242.0,72,1254.528
T250-75-272,63.5,31.8,25.4,242.0,73,1289.618
T250-75-273,63.5,31.8,25.4,242.0,74,1325.192
T250-75-274,63.5,31.8,25.4,242.0,75,1361.25
T250-75-275,63.5,31.8,25.4,242.0,76,1397.792
T250-75-276,63.5,31.8,25.4,242.0,77,1434.818
T250-75-277,63.5,31.8,25.4,242.0,78,1472.328
T250-75-278,63.5,31.8,25.4,242.0,79,1510.322
T250-75-279,63.5,31.8,25.4,242.0,80,1548.8
T250-75-280,63.5,31.8,25.4,242.0,81,1587.762
T250-75-281,63.5,31.8,25.4,242.0,82,1627.208
T250-75-282,63.5,31.8,25.4,242.0,83,1667.138
T250-75-283,63.5,31.8,25.4,242.0,84,1707.552
T250-75-284,63.5,31.8,25.4,242.0,85,1748.45
T250-75-285,63.5,31.8,25.4,242.0,86,1789.832
T250-75-286,63.5,31.8,25.4,242.0,87,1831.698
T250-75-287,63.5,31.8,25.4,242.0,88,1874.048
T250-75-288,63.5,31.8,25.4,242.0,89,1916.882
T250-75-289,63.5,31.8,25.4,242.0,90,1960.2
T250-75-290,63.5,31.8,25.4,242.0,91,2004.002
T250-75-291,63.5,31.8,25.4,242.0,92,2048.288
T250-75-292,63.5,31.8,25.4,242.0,93,2093.058
T250-75-293,63.5,31.8,25.4,242.0,94,2138.312
T250-75-294,63.5,31.8,25.4,242.0,95,2184.05
T250-75-295,63.5,31.8,25.4,242.0,96,2230.272
T250-75-296,63.5,31.8,25.4,242.0,97,2276.978
T250-75-297,63.5,31.8,25.4,242.0,98,2324.168
T250-75-298,63.5,31.8,25.4,242.0,99,2371.842
T250-75-299,63.5,31.8,25.4,242.0,100,2420.0
T250-75-300,63.5,31.8,25.4,242.0,101,2468.642
T250-75-301,63.5,31.8,25.4,242.0,102,2517.768
T250-75-302,63.5,31.8,25.4,242.0,103,2567.378
T250-75-303,63.5,31.8,25.4,242.0,104,2617.472
T250-75-304,63.5,31.8,25.4,242.0,105,2668.05
T250-75-305,63.5,31.8,25.4,242.0,106,2719.112
T250-75-306,63.5,31.8,25.4,242.0,107,2770.658
T250-75-307,63.5,31.8,25.4,242.0,108,2822.688
T250-75-308,63.5,31.8,25.4,242.0,109,2875.202
T250-75-309,63.5,31.8,25.4,242.0,110,2928.2
T250-75-310,63.5,31.8,25.4,242.0,111,2981.682
T250-75-311,63.5,31.8,25.4,242.0,112,3035.648
T250-75-312,63.5,31.8,25.4,242.0,113,3090.098
T250-75-313,63.5,31.8,25.4,242.0,114,3145.032
T250-75-314,63.5,31.8,25.4,242.0,115,3200.45
T250-75-315,63.5,31.8,25.4,242.0,116,3256.352
T250-75-316,63.5,31.8,25.4,242.0,117,3312.738
T250-75-317,63.5,31.8,25.4,242.0,118,3369.608
T250-75-318,63.5,31.8,25.4,242.0,119,3426.962
T250-75-319,63.5,31.8,25.4,242.0,120,3484.8
T250-75-320,63.5,31.8,25.4,242.0,121,3543.122
T250-75-321,63.5,31.8,25.4,242.0,122,3601.928
T250-75-322,63.5,31.8,25.4,242.0,123,3661.218
T250-75-323,63.5,31.8,25.4,242.0,124,3720.992
T250-75-324,63.5,31.8,25.4,242.0,125,3781.25
T250-75-325,63.5,31.8,25.4,242.0,126,3841.992
T250-75-326,63.5,31.8,25.4,242.0,127,3903.218
T250-75-327,63.5,31.8,25.4,242.0,128,3964.928
T250-75-328,63.5,31.8,25.4,242.0,129,4027.122
T250-75-329,63.5,31.8,25.4,242.0,130,4089.8
T250-75-330,63.5,31.8,25.4,242.0,131,4152.962
T250-75-331,63.5,31.8,25.4,242.0,132,4216.608
T250-75-332,63.5,31.8,25.4,242.0,133,4280.738
T250-75-333,63.5,31.8,25.4,242.0,134,4345.352
T250-75-334,63.5,31.8,25.4,242.0,135,4410.45
T250-75-335,63.5,31.8,25.4,242.0,136,4476.032
T250-75-336,63.5,31.8,25.4,242.0,137,4542.098
T250-75-337,63.5,31.8,25.4,242.0,138,4608.648
T250-75-338,63.5,31.8,25.4,242.0,139,4675.682
T250-75-339,63.5,31.8,25.4,242.0,140,4743.2
T250-75-340,63.5,31.8,25.4,242.0,141,4811.202
T250-75-341,63.5,31.8,25.4,242.0,142,4879.688
T250-75-342,63.5,31.8,25.4,242.0,143,4948.658
T250-75-343,63.5,31.8,25.4,242.0,144,5018.112
T250-75-344,63.5,31.8,25.4,242.0,145,5088.05
T250-75-345,63.5,31.8,25.4,242.0,146,5158.472
T250-75-346,63.5,31.8,25.4,242.0,147,5229.378
T250-75-347,63.5,31.8,25.4,242.0,148,5300.768
T250-75-348,63.5,31.8,25.4,242.0,149,5372.642
T250-75-349,63.5,31.8,25.4,242.0,150,5445.0
T250-75-350,63.5,31.8,25.4,242.0,151,5517.842
T250-75-351,63.5,31.8,25.4,242.0,152,5591.168
T250-75-352,63.5,31.8,25.4,242.0,153,5664.978
T250-75-353,63.5,31.8,25.4,242.0,154,5739.272
T250-75-354,63.5,31.8,25.4,242.0,155,5814.05
T250-75-355,63.5,31.8,25.4,242.0,156,5889.312
T250-75-356,63.5,31.8,25.4,242.0,157,5965.058
T250-75-357,63.5,31.8,25.4,242.0,158,6041.288
T250-75-358,63.5,31.8,25.4,242.0,159,6118.002
T250-75-359,63.5,31.8,25.4,242.0,160,6195.2
T250-75-360,63.5,31.8,25.4,242.0,161,6272.882
T250-75-361,63.5,31.8,25.4,242.0,162,6351.048
T250-75-362,63.5,31.8,25.4,242.0,163,6429.698
T250-75-363,63.5,31.8,25.4,242.0,164,6508.832
T250-75-364,63.5,31.8,25.4,242.0,165,6588.45
T250-75-365,63.5,31.8,25.4,242.0,166,6668.552
T250-75-366,63.5,31.8,25.4,242.0,167,6749.138
T250-75-367,63.5,31.8,25.4,242.0,168,6830.208
T250-75-368,63.5,31.8,25.4,242.0,169,6911.762
T250-75-369,63.5,31.8,25.4,242.0,170,6993.8
T250-75-370,63.5,31.8,25.4,242.0,171,7076.322
T250-75-371,63.5,31.8,25.4,242.0,172,7159.328
T250-75-372,63.5,31.8,25.4,242.0,173,7242.818
T250-75-373,63.5,31.8,25.4,242.0,174,7326.792
T250-75-374,63.5,31.8,25.4,242.0,175,7411.25
T250-75-375,63.5,31.8,25.4,242.0,176,7496.192
T250-75-376,63.5,31.8,25.4,242.0,177,7581.618
T250-75-377,63.5,31.8,25.4,242.0,178,7667.528
T250-75-378,63.5,31.8,25.4,242.0,179,7753.922
T250-75-379,63.5,31.8,25.4,242.0,180,7840.8
T250-75-380,63.5,31.8,25.4,242.0,181,7928.162
T250-75-381,63.5,31.8,25.4,242.0,182,8016.008
T250-75-382,63.5,31.8,25.4,242.0,183,8104.338
T250-75-383,63.5,31.8,25.4,242.0,184,8193.152
T250-75-384,63.5,31.8,25.4,242.0,185,8282.45
T250-75-385,63.5,31.8,25.4,242.0,186,8372.232
T250-75-386,63.5,31.8,25.4,242.0,187,8462.498
T250-75-387,63.5,31.8,25.4,242.0,188,8553.248
T250-75-388,63.5,31.8,25.4,242.0,189,8644.482
T250-75-389,63.5,31.8,25.4,242.0,190,8736.2
T250-75-390,63.5,31.8,25.4,242.0,191,8828.402
T250-75-391,63.5,31.8,25.4,242.0,192,8921.088
T250-75-392,63.5,31.8,25.4,242.0,193,9014.258
T250-75-393,63.5,31.8,25.4,242.0,194,9107.912
T250-75-394,63.5,31.8,25.4,242.0,195,9202.05
T250-75-395,63.5,31.8,25.4,242.0,196,9296.672
T250-75-396,63.5,31.8,25.4,242.0,197,9391.778
T250-75-397,63.5,31.8,25.4,242.0,198,9487.368
T250-75-398,63.5,31.8,25.4,242.0,199,9583.442
T250-75-399,63.5,31.8,25.4,242.0,200,9680.0
T250-75-400,63.5,31.8,25.4,242.0,201,9777.042
T250-75-401,63.5,31.8,25.4,242.0,202,9874.568
T250-75-402,63.5,31.8,25.4,242.0,203,9972.578
T250-75-403,63.5,31.8,25.4,242.0,204,10071.072
T250-75-404,63.5,31.8,25.4,242.0,205,10170.05
T250-75-405,63.5,31.8,25.4,242.0,206,10269.512
T250-75-406,63.5,31.8,25.4,242.0,207,10369.458
T250-75-407,63.5,31.8,25.4,242.0,208,10469.888
T250-75-408,63.5,31.8,25.4,242.0,209,10570.802
T250-75-409,63.5,31.8,25.4,242.0,210,10672.2
T250-75-410,63.5,31.8,25.4,242.0,211,10774.082
T250-75-411,63.5,31.8,25.4,242.0,212,10876.448
T250-75-412,63.5,31.8,25.4,242.0,213,10979.298
T250-75-413,63.5,31.8,25.4,242.0,214,11082.632
T250-75-414,63.5,31.8,25.4,242.0,215,11186.45
T250-75-415,63.5,31.8,25.4,242.0,216,11290.752
T250-75-416,63.5,31.8,25.4,242.0,217,11395.538
T250-75-417,63.5,31.8,25.4,242.0,218,11500.808
T250-75-418,63.5,31.8,25.4,242.0,219,11606.562
T250-75-419,63.5,31.8,25.4,242.0,220,11712.8
T250-75-420,63.5,31.8,25.4,242.0,221,11819.522
T250-75-421,63.5,31.8,25.4,242.0,222,11926.728
T250-75-422,63.5,31.8,25.4,242.0,223,12034.418
T250-75-423,63.5,31.8,25.4,242.0,224,12142.592
T250-75-424,63.5,31.8,25.4,242.0,225,12251.25
T250-75-425,63.5,31.8,25.4,242.0,226,12360.392
T250-75-426,63.5,31.8,25.4,242.0,227,12470.018
T250-75-427,63.5,31.8,25.4,242.0,228,12580.128
T250-75-428,63.5,31.8,25.4,242.0,229,12690.722
T250-75-429,63.5,31.8,25.4,242.0,230,12801.8
T250-75-430,63.5,31.8,25.4,242.0,231,12913.362
T250-75-431,63.5,31.8,25.4,242.0,232,13025.408
T250-75-432,63.5,31.8,25.4,242.0,233,13137.938
T250-75-433,63.5,31.8,25.4,242.0,234,13250.952
T250-75-434,63.5,31.8,25.4,242.0,235,13364.45
T250-75-435,63.5,31.8,25.4,242.0,236,13478.432
T250-75-436,63.5,31.8,25.4,242.0,237,13592.898
T250-75-437,63.5,31.8,25.4,242.0,238,13707.848
T250-75-438,63.5,31.8,25.4,242.0,239,13823.282
T250-75-439,63.5,31.8,25.4,242.0,240,13939.2
T250-75-440,63.5,31.8,25.4,242.0,241,14055.602
T250-75-441,63.5,31.8,25.4,242.0,242,14172.488
T250-75-442,63.5,31.8,25.4,242.0,243,14289.858
T250-75-443,63.5,31.8,25.4,242.0,244,14407.712
T250-75-444,63.5,31.8,25.4,242.0,245,14526.05
T250-75-445,63.5,31.8,25.4,242.0,246,14644.872
T250-75-446,63.5,31.8,25.4,242.0,247,14764.178
T250-75-447,63.5,31.8,25.4,242.0,248,14883.968
T250-75-448,63.5,31.8,25.4,242.0,249,15004.242
T250-75-449,63.5,31.8,25.4,242.0,250,15125.0
T250-75-450,63.5,31.8,25.4,242.0,251,15246.242
T250-75-451,63.5,31.8,25.4,242.0,252,15367.968
T250-75-452,63.5,31.8,25.4,242.0,253,15490.178
T250-75-453,63.5,31.8,25.4,242.0,254,15612.872
T250-75-454,63.5,31.8,25.4,242.0,255,15736.05
T250-75-455,63.5,31.8,25.4,242.0,256,15859.712
T250-75-456,63.5,31.8,25.4,242.0,257,15983.858
T250-75-457,63.5,31.8,25.4,242.0,258,16108.488
T250-75-458,63.5,31.8,25.4,242.0,259,16233.602
T250-75-459,63.5,31.8,25.4,242.0,260,16359.2
T250-75-460,63.5,31.8,25.4,242.0,261,16485.282
T250-75-461,63.5,31.8,25.4,242.0,262,16611.848
T250-75-462,63.5,31.8,25.4,242.0,263,16738.898
T250-75-463,63.5,31.8,25.4,242.0,264,16866.432
T250-75-464,63.5,31.8,25.4,242.0,265,16994.45
T250-75-465,63.5,31.8,25.4,242.0,266,17122.952
T250-75-466,63.5,31.8,25.4,242.0,267,17251.938
T250-75-467,63.5,31.8,25.4,242.0,268,17381.408
T250-75-468,63.5,31.8,25.4,242.0,269,17511.362
T250-75-469,63.5,31.8,25.4,242.0,270,17641.8
T250-75-470,63.5,31.8,25.4,242.0,271,17772.722
T250-75-471,63.5,31.8,25.4,242.0,272,17904.128
T250-75-472,63.5,31.8,25.4,242.0,273,18036.018
T250-75-473,63.5,31.8,25.4,242.0,274,18168.392
T250-75-474,63.5,31.8,25.4,242.0,275,18301.25
T250-75-475,63.5,31.8,25.4,242.0,276,18434.592
T250-75-476,63.5,31.8,25.4,242.0,277,18568.418
T250-75-477,63.5,31.8,25.4,242.0,278,18702.728
T250-75-478,63.5,31.8,25.4,242.0,279,18837.522
T250-75-479,63.5,31.8,25.4,242.0,280,18972.8
T250-75-480,63.5,31.8,25.4,242.0,281,19108.562
T250-75-481,63.5,31.8,25.4,242.0,282,19244.808
T250-75-482,63.5,31.8,25.4,242.0,283,19381.538
T250-75-483,63.5,31.8,25.4,242.0,284,19518.752
T250-75-484,63.5,31.8,25.4,242.0,285,19656.45
T250-75-485,63.5,31.8,25.4,242.0,286,19794.632
T250-75-486,63.5,31.8,25.4,242.0,287,19933.298
T250-75-487,63.5,31.8,25.4,242.0,288,20072.448
T250-75-488,63.5,31.8,25.4,242.0,289,20212.082
T250-75-489,63.5,31.8,25.4,242.0,290,20352.2
T250-75-490,63.5,31.8,25.4,242.0,291,20492.802
T250-75-491,63.5,31.8,25.4,242.0,292,20633.888
T250-75-492,63.5,31.8,25.4,242.0,293,20775.458
T250-75-493,63.5,31.8,25.4,242.0,294,20917.512
T250-75-494,63.5,31.8,25.4,242.0,295,21060.05
T250-75-495,63.5,31.8,25.4,242.0,296,21203.072
T250-75-496,63.5,31.8,25.4,242.0,297,21346.578
T250-75-497,63.5,31.8,25.4,242.0,298,21490.568
T250-75-498,63.5,31.8,25.4,242.0,299,21635.042
T250-75-499,63.5,31.8,25.4,242.0,300,21780.0
T250-75-500,63.5,31.8,25.4,242.0,301,21925.442
T250-75-501,63.5,31.8,25.4,242.0,302,22071.368
T250-75-502,63.5,31.8,25.4,242.0,303,22217.778
T250-75-503,63.5,31.8,25.4,242.0,304,22364.672
T250-75-504,63.5,31.8,25.4,242.0,305,22512.05
T250-75-505,63.5,31.8,25.4,242.0,306,22659.912
T250-75-506,63.5,31.8,25.4,242.0,307,22808.258
T250-75-507,63.5,31.8,25.4,242.0,308,22957.088
T250-75-508,63.5,31.8,25.4,242.0,309,23106.402
T250-75-509,63.5,31.8,25.4,242.0,310,23256.2
T250-75-510,63.5,31.8,25.4,242.0,311,23406.482
T250-75-511,63.5,31.8,25.4,242.0,312,23557.248
T250-75-512,63.5,31.8,25.4,242.0,313,23708.498
T250-75-513,63.5,31.8,25.4,242.0,314,23860.232
T250-75-514,63.5,31.8,25.4,242.0,315,24012.45
T250-75-515,63.5,31.8,25.4,242.0,316,24165.152
T250-75-516,63.5,31.8,25.4,242.0,317,24318.338
T250-75-517,63.5,31.8,25.4,242.0,318,24472.008
T250-75-518,63.5,31.8,25.4,242.0,319,24626.162
T250-75-519,63.5,31.8,25.4,242.0,320,24780.8
T250-75-520,63.5,31.8,25.4,242.0,321,24935.922
T250-75-521,63.5,31.8,25.4,242.0,322,25091.528
T250-75-522,63.5,31.8,25.4,242.0,323,25247.618
T250-75-523,63.5,31.8,25.4,242.0,324,25404.192
T250-75-524,63.5,31.8,25.4,242.0,325,25561.25
T250-75-525,63.5,31.8,25.4,242.0,326,25718.792
T250-75-526,63.5,31.8,25.4,242.0,327,25876.818
T250-75-527,63.5,31.8,25.4,242.0,328,26035.328
T250-75-528,63.5,31.8,25.4,242.0,329,26194.322
T250-75-529,63.5,31.8,25.4,242.0,330,26353.8
T250-75-530,63.5,31.8,25.4,242.0,331,26513.762
T250-75-531,63.5,31.8,25.4,242.0,332,26674.208
T250-75-532,63.5,31.8,25.4,242.0,333,26835.138
T250-75-533,63.5,31.8,25.4,242.0,334,26996.552
T250-75-534,63.5,31.8,25.4,242.0,335,27158.45
T250-75-535,63.5,31.8,25.4,242.0,336,27320.832
T250-75-536,63.5,31.8,25.4,242.0,337,27483.698
T250-75-537,63.5,31.8,25.4,242.0,338,27647.048
T250-75-538,63.5,31.8,25.4,242.0,339,27810.882
T250-75-539,63.5,31.8,25.4,242.0,340,27975.2
T250-75-540,63.5,31.8,25.4,242.0,341,28140.002
T250-75-541,63.5,31.8,25.4,242.0,342,28305.288
T250-75-542,63.5,31.8,25.4,242.0,343,28471.058
T250-75-543,63.5,31.8,25.4,242.0,344,28637.312
T250-75-544,63.5,31.8,25.4,242.0,345,28804.05
T250-75-545,63.5,31.8,25.4,242.0,346,28971.272
T250-75-546,63.5,31.8,25.4,242.0,347,29138.978
T250-75-547,63.5,31.8,25.4,242.0,348,29307.168
T250-75-548,63.5,31.8,25.4,242.0,349,29475.842
T250-75-549,63.5,31.8,25.4,242.0,350,29645.0
T250-75-550,63.5,31.8,25.4,242.0,351,29814.642
T250-75-551,63.5,31.8,25.4,242.0,352,29984.768
T250-75-552,63.5,31.8,25.4,242.0,353,30155.378
T250-75-553,63.5,31.8,25.4,242.0,354,30326.472
T250-75-554,63.5,31.8,25.4,242.0,355,30498.05
T250-75-555,63.5,31.8,25.4,242.0,356,30670.112
T250-75-556,63.5,31.8,25.4,242.0,357,30842.658
T250-75-557,63.5,31.8,25.4,242.0,358,31015.688
T250-75-558,63.5,31.8,25.4,242.0,359,31189.202
T250-75-559,63.5,31.8,25.4,242.0,360,31363.2
T250-75-560,63.5,31.8,25.4,242.0,361,31537.682
T250-75-561,63.5,31.8,25.4,242.0,362,31712.648
T250-75-562,63.5,31.8,25.4,242.0,363,31888.098
T250-75-563,63.5,31.8,25.4,242.0,364,32064.032
T250-75-564,63.5,31.8,25.4,242.0,365,32240.45
T250-75-565,63.5,31.8,25.4,242.0,366,32417.352
T250-75-566,63.5,31.8,25.4,242.0,367,32594.738
T250-75-567,63.5,31.8,25.4,242.0,368,32772.608
T250-75-568,63.5,31.8,25.4,242.0,369,32950.962
T250-75-569,63.5,31.8,25.4,242.0,370,33129.8
T250-75-570,63.5,31.8,25.4,242.0,371,33309.122
T250-75-571,63.5,31.8,25.4,242.0,372,33488.928
T250-75-572,63.5,31.8,25.4,242.0,373,33669.218
T250-75-573,63.5,31.8,25.4,242.0,374,33849.992
T250-75-574,63.5,31.8,25.4,242.0,375,34031.25
T250-75-575,63.5,31.8,25.4,242.0,376,34212.992
T250-75-576,63.5,31.8,25.4,242.0,377,34395.218
T250-75-577,63.5,31.8,25.4,242.0,378,34577.928
T250-75-578,63.5,31.8,25.4,242.0,379,34761.122
T250-75-579,63.5,31.8,25.4,242.0,380,34944.8
T250-75-580,63.5,31.8,25.4,242.0,381,35128.962
T250-75-581,63.5,31.8,25.4,242.0,382,35313.608
T250-75-582,63.5,31.8,25.4,242.0,383,35498.738
T250-75-583,63.5,31.8,25.4,242.0,384,35684.352
T250-75-584,63.5,31.8,25.4,242.0,385,35870.45
T250-75-585,63.5,31.8,25.4,242.0,386,36057.032
T250-75-586,63.5,31.8,25.4,242.0,387,36244.098
T250-75-587,63.5,31.8,25.4,242.0,388,36431.648
T250-75-588,63.5,31.8,25.4,242.0,389,36619.682
T250-75-589,63.5,31.8,25.4,242.0,390,36808.2
T250-75-590,63.5,31.8,25.4,242.0,391,36997.202
T250-75-591,63.5,31.8,25.4,242.0,392,37186.688
T250-75-592,63.5,31.8,25.4,242.0,393,37376.658
T250-75-593,63.5,31.8,25.4,242.0,394,37567.112
T250-75-594,63.5,31.8,25.4,242.0,395,37758.05
T250-75-595,63.5,31.8,25.4,242.0,396,37949.472
T250-75-596,63.5,31.8,25.4,242.0,397,38141.378
T250-75-597,63.5,31.8,25.4,242.0,398,38333.768
T250-75-598,63.5,31.8,25.4,242.0,399,38526.642
T250-75-599,63.5,31.8,25.4,242.0,400,38720.0
T250-75-600,63.5,31.8,25.4,242.0,401,38913.842
T250-75-601,63.5,31.8,25.4,242.0,402,39108.168
T250-75-602,63.5,31.8,25.4,242.0,403,39302.978
T250-75-603,63.5,31.8,25.4,242.0,404,39498.272
T250-75-604,63.5,31.8,25.4,242.0,405,39694.05
T250-75-605,63.5,31.8,25.4,242.0,406,39890.312
T250-75-606,63.5,31.8,25.4,242.0,407,40087.058
T250-75-607,63.5,31.8,25.4,242.0,408,40284.288
T250-75-608,63.5,31.8,25.4,242.0,409,40482.002
T250-75-609,63.5,31.8,25.4,242.0,410,40680.2
T250-75-610,63.5,31.8,25.4,242.0,411,40878.882
T250-75-611,63.5,31.8,25.4,242.0,412,41078.048
T250-75-612,63.5,31.8,25.4,242.0,413,41277.698
T250-75-613,63.5,31.8,25.4,242.0,414,41477.832
T250-75-614,63.5,31.8,25.4,242.0,415,41678.45
T250-75-615,63.5,31.8,25.4,242.0,416,41879.552
T250-75-616,63.5,31.8,25.4,242.0,417,42081.138
T250-75-617,63.5,31.8,25.4,242.0,418,42283.208
T250-75-618,63.5,31.8,25.4,242.0,419,42485.762
T250-75-619,63.5,31.8,25.4,242.0,420,42688.8
T250-75-620,63.5,31.8,25.4,242.0,421,42892.322
T250-75-621,63.5,31.8,25.4,242.0,422,43096.328
T250-75-622,63.5,31.8,25.4,242.0,423,43300.818
T250-75-623,63.5,31.8,25.4,242.0,424,43505.792
T250-75-624,63.5,31.8,25.4,242.0,425,43711.25
T250-75-625,63.5,31.8,25.4,242.0,426,43917.192
T250-75-626,63.5,31.8,25.4,242.0,427,44123.618
T250-75-627,63.5,31.8,25.4,242.0,428,44330.528
T250-75-628,63.5,31.8,25.4,242.0,429,44537.922
T250-75-629,63.5,31.8,25.4,242.0,430,44745.8
T250-75-630,63.5,31.8,25.4,242.0,431,44954.162
T250-75-631,63.5,31.8,25.4,242.0,432,45163.008
T250-75-632,63.5,31.8,25.4,242.0,433,45372.338
T250-75-633,63.5,31.8,25.4,242.0,434,45582.152
T250-75-634,63.5,31.8,25.4,242.0,435,45792.45
T250-75-635,63.5,31.8,25.4,242.0,436,46003.232
T250-75-636,63.5,31.8,25.4,242.0,437,46214.498
T250-75-637,63.5,31.8,25.4,242.0,438,46426.248
T250-75-638,63.5,31.8,25.4,242.0,439,46638.482
T250-75-639,63.5,31.8,25.4,242.0,440,46851.2
T250-75-640,63.5,31.8,25.4,242.0,441,47064.402
T250-75-641,63.5,31.8,25.4,242.0,442,47278.088
T250-75-642,63.5,31.8,25.4,242.0,443,47492.258
T250-75-643,63.5,31.8,25.4,242.0,444,47706.912
T250-75-644,63.5,31.8,25.4,242.0,445,47922.05
T250-75-645,63.5,31.8,25.4,242.0,446,48137.672
T250-75-646,63.5,31.8,25.4,242.0,447,48353.778
T250-75-647,63.5,31.8,25.4,242.0,448,48570.368
T250-75-648,63.5,31.8,25.4,242.0,449,48787.442
T250-75-649,63.5,31.8,25.4,242.0,450,49005.0
T250-75-650,63.5,31.8,25.4,242.0,451,49223.042
T250-75-651,63.5,31.8,25.4,242.0,452,49441.568
T250-75-652,63.5,31.8,25.4,242.0,453,49660.578
T250-75-653,63.5,31.8,25.4,242.0,454,49880.072
T250-75-654,63.5,31.8,25.4,242.0,455,50100.05
T250-75-655,63.5,31.8,25.4,242.0,456,50320.512
T250-75-656,63.5,31.8,25.4,242.0,457,50541.458
T250-75-657,63.5,31.8,25.4,242.0,458,50762.888
T250-75-658,63.5,31.8,25.4,242.0,459,50984.802
T250-75-659,63.5,31.8,25.4,242.0,460,51207.2
T250-75-660,63.5,31.8,25.4,242.0,461,51430.082
T250-75-661,63.5,31.8,25.4,242.0,462,51653.448
T250-75-662,63.5,31.8,25.4,242.0,463,51877.298
T250-75-663,63.5,31.8,25.4,242.0,464,52101.632
T250-75-664,63.5,31.8,25.4,242.0,465,52326.45
T250-75-665,63.5,31.8,25.4,242.0,466,52551.752
T250-75-666,63.5,31.8,25.4,242.0,467,52777.538
T250-75-667,63.5,31.8,25.4,242.0,468,53003.808
T250-75-668,63.5,31.8,25.4,242.0,469,53230.562
T250-75-669,63.5,31.8,25.4,242.0,470,53457.8
T250-75-670,63.5,31.8,25.4,242.0,471,53685.522
T250-75-671,63.5,31.8,25.4,242.0,472,53913.728
T250-75-672,63.5,31.8,25.4,242.0,473,54142.418
T250-75-673,63.5,31.8,25.4,242.0,474,54371.592
T250-75-674,63.5,31.8,25.4,242.0,475,54601.25
T250-75-675,63.5,31.8,25.4,242.0,476,54831.392
T250-75-676,63.5,31.8,25.4,242.0,477,55062.018
T250-75-677,63.5,31.8,25.4,242.0,478,55293.128
T250-75-678,63.5,31.8,25.4,242.0,479,55524.722
T250-75-679,63.5,31.8,25.4,242.0,480,55756.8
T250-75-680,63.5,31.8,25.4,242.0,481,55989.362
T250-75-681,63.5,31.8,25.4,242.0,482,56222.408
T250-75-682,63.5,31.8,25.4,242.0,483,56455.938
T250-75-683,63.5,31.8,25.4,242.0,484,56689.952
T250-75-684,63.5,31.8,25.4,242.0,485,56924.45
T250-75-685,63.5,31.8,25.4,242.0,486,57159.432
T250-75-686,63.5,31.8,25.4,242.0,487,57394.898
T250-75-687,63.5,31.8,25.4,242.0,488,57630.848
T250-75-688,63.5,31.8,25.4,242.0,489,57867.282
T250-75-689,63.5,31.8,25.4,242.0,490,58104.2
T250-75-690,63.5,31.8,25.4,242.0,491,58341.602
T250-75-691,63.5,31.8,25.4,242.0,492,58579.488
T250-75-692,63.5,31.8,25.4,242.0,493,58817.858
T250-75-693,63.5,31.8,25.4,242.0,494,59056.712
T250-75-694,63.5,31.8,25.4,242.0,495,59296.05
T250-75-695,63.5,31.8,25.4,242.0,496,59535.872
T250-75-696,63.5,31.8,25.4,242.0,497,59776.178
T250-75-697,63.5,31.8,25.4,242.0,498,60016.968
T250-75-698,63.5,31.8,25.4,242.0,499,60258.242
T250-75-699,63.5,31.8,25.4,242.0,500,60500.0
T250-75-700,63.5,31.8,25.4,242.0,501,60742.242
T250-75-701,63.5,31.8,25.4,242.0,502,60984.968
T250-75-702,63.5,31.8,25.4,242.0,503,61228.178
T250-75-703,63.5,31.8,25.4,242.0,504,61471.872
T250-75-704,63.5,31.8,25.4,242.0,505,61716.05
